Location,Type,Ref.,No.,Ia,Ib,Ic,IIa,IIa',IIb,IIb',IIc,IIc',IIIa,IIIa',IIIb,IIIb',IIIc,MBT5Me,IR6Me,MAT,MAP
Australia-17,Soil,"De Jonge et al., 2014",1,45%,13%,1%,16%,15%,1%,3%,0%,0%,3%,2%,0%,0%,0%,0.75,0.50,14.53,622.53
Australia-4,Soil,"De Jonge et al., 2014",2,52%,2%,0%,26%,13%,1%,1%,0%,0%,3%,3%,0%,0%,0%,0.64,0.36,19.24,636.93
Brazil-12,Soil,"De Jonge et al., 2014",3,59%,22%,7%,3%,4%,2%,2%,0%,0%,0%,1%,0%,0%,0%,0.95,0.58,26.44,1935.46
Brazil-13,Soil,"De Jonge et al., 2014",4,93%,2%,2%,4%,0%,0%,0%,0%,0%,0%,0%,0%,0%,0%,0.96,0.00,26.44,1935.46
Brazil-14,Soil,"De Jonge et al., 2014",5,91%,0%,0%,6%,2%,0%,0%,0%,0%,0%,0%,0%,0%,0%,0.94,0.25,21.94,1506.42
Brazil-28,Soil,"De Jonge et al., 2014",6,82%,8%,3%,2%,3%,0%,1%,0%,0%,0%,0%,0%,0%,0%,0.98,0.67,26.78,1830.75
Brazil-6,Soil,"De Jonge et al., 2014",7,91%,1%,1%,6%,1%,0%,0%,0%,0%,0%,0%,0%,0%,0%,0.94,0.14,21.58,1348.89
Cameroon-1,Soil,"De Jonge et al., 2014",8,54%,24%,6%,5%,6%,2%,3%,0%,0%,1%,1%,0%,0%,0%,0.91,0.56,23.80,2724.31
Canada-14,Soil,"De Jonge et al., 2014",9,57%,2%,3%,36%,0%,1%,0%,0%,0%,2%,0%,0%,0%,0%,0.61,0.00,5.34,1199.54
Canada-17,Soil,"De Jonge et al., 2014",10,14%,9%,1%,13%,21%,9%,11%,0%,1%,6%,14%,1%,1%,0%,0.46,0.62,2.77,512.55
Canada-24,Soil,"De Jonge et al., 2014",11,49%,3%,1%,36%,1%,1%,0%,0%,0%,8%,1%,0%,0%,0%,0.54,0.04,8.25,2016.45
China-19,Soil,"Dearing Crampton-Flood et al., 2020",12,93%,2%,1%,4%,1%,0%,0%,0%,0%,0%,0%,0%,0%,0%,0.96,0.20,23.41,2055.26
China-20,Soil,"Dearing Crampton-Flood et al., 2020",13,89%,2%,1%,7%,1%,0%,0%,0%,0%,0%,0%,0%,0%,0%,0.93,0.13,24.67,2065.97
China-23,Soil,"Dearing Crampton-Flood et al., 2020",14,86%,2%,1%,6%,4%,1%,0%,0%,0%,1%,1%,0%,0%,0%,0.92,0.38,18.02,1744.72
China-25,Soil,"Dearing Crampton-Flood et al., 2020",15,73%,7%,1%,8%,8%,1%,1%,0%,0%,1%,1%,0%,0%,0%,0.89,0.50,18.06,1681.07
China-27,Soil,"Dearing Crampton-Flood et al., 2020",16,83%,2%,0%,11%,2%,0%,0%,0%,0%,1%,0%,0%,0%,0%,0.88,0.14,17.50,1759.94
China-31,Soil,"Dearing Crampton-Flood et al., 2020",17,66%,18%,3%,5%,4%,1%,1%,0%,0%,1%,1%,0%,0%,0%,0.93,0.46,19.87,1788.29
China-32,Soil,"Dearing Crampton-Flood et al., 2020",18,89%,2%,1%,5%,1%,0%,0%,0%,0%,1%,1%,0%,0%,0%,0.94,0.25,20.83,1836.46
China-4,Soil,"Dearing Crampton-Flood et al., 2020",19,86%,1%,0%,8%,5%,0%,0%,0%,0%,1%,1%,0%,0%,0%,0.91,0.40,16.48,1464.33
China-49,Soil,"Dearing Crampton-Flood et al., 2020",20,20%,31%,6%,6%,10%,3%,16%,0%,1%,2%,3%,1%,1%,0%,0.84,0.72,15.76,1160.86
China-6,Soil,"Dearing Crampton-Flood et al., 2020",21,54%,18%,4%,7%,11%,2%,2%,0%,0%,1%,1%,0%,0%,0%,0.88,0.58,18.82,1661.72
China-MG1180,Soil,"De Jonge et al., 2014",22,37%,8%,0%,15%,24%,1%,5%,0%,0%,4%,7%,0%,0%,0%,0.69,0.64,11.01,934.58
China-MG1220,Soil,"De Jonge et al., 2014",23,51%,13%,2%,10%,14%,2%,5%,0%,0%,1%,2%,0%,0%,0%,0.84,0.62,11.01,934.58
China-MG1515,Soil,"De Jonge et al., 2014",24,83%,0%,0%,14%,1%,0%,0%,0%,0%,1%,0%,0%,0%,0%,0.85,0.06,11.01,934.58
China-MG1645,Soil,"De Jonge et al., 2014",25,20%,17%,3%,10%,17%,8%,11%,1%,1%,4%,7%,1%,2%,0%,0.63,0.61,11.01,934.58
China-MG1740,Soil,"De Jonge et al., 2014",26,33%,14%,2%,10%,17%,5%,8%,0%,1%,3%,5%,0%,1%,0%,0.73,0.64,11.01,934.58
China-MG1800,Soil,"De Jonge et al., 2014",27,20%,11%,2%,11%,23%,6%,9%,1%,1%,4%,10%,0%,1%,0%,0.60,0.67,11.01,934.58
China-MG1850,Soil,"De Jonge et al., 2014",28,20%,12%,2%,12%,21%,6%,11%,1%,1%,5%,8%,1%,1%,0%,0.59,0.63,11.01,934.58
China-MG1915,Soil,"De Jonge et al., 2014",29,43%,10%,2%,23%,11%,2%,2%,0%,0%,3%,2%,0%,0%,0%,0.66,0.35,11.01,934.58
China-MG1973,Soil,"De Jonge et al., 2014",30,11%,12%,2%,7%,23%,10%,13%,1%,1%,4%,13%,1%,2%,0%,0.53,0.69,11.01,934.58
China-MG2005,Soil,"De Jonge et al., 2014",31,31%,8%,2%,22%,16%,4%,5%,1%,0%,4%,6%,0%,1%,0%,0.57,0.47,11.01,934.58
China-MG2115,Soil,"De Jonge et al., 2014",32,11%,11%,3%,9%,17%,11%,13%,1%,2%,6%,12%,1%,3%,0%,0.48,0.63,11.01,934.58
China-MG2160,Soil,"De Jonge et al., 2014",33,22%,11%,3%,14%,20%,6%,8%,1%,1%,5%,9%,1%,1%,0%,0.58,0.59,11.01,934.58
China-MG2220,Soil,"De Jonge et al., 2014",34,30%,6%,2%,25%,17%,3%,4%,1%,0%,6%,7%,0%,0%,0%,0.52,0.44,11.01,934.58
China-MG2300,Soil,"De Jonge et al., 2014",35,37%,4%,1%,28%,13%,1%,2%,0%,0%,8%,6%,0%,0%,0%,0.53,0.36,11.01,934.58
China-MG2350,Soil,"De Jonge et al., 2014",36,29%,7%,2%,20%,18%,3%,5%,1%,0%,5%,9%,0%,1%,0%,0.57,0.53,11.01,934.58
China-MG2420,Soil,"De Jonge et al., 2014",37,22%,5%,1%,22%,15%,4%,5%,1%,0%,10%,12%,1%,1%,0%,0.43,0.46,11.01,934.58
China-MG2470,Soil,"De Jonge et al., 2014",38,20%,6%,1%,16%,22%,4%,7%,1%,1%,6%,15%,0%,1%,0%,0.50,0.63,11.01,934.58
China-MG2540,Soil,"De Jonge et al., 2014",39,16%,8%,1%,11%,16%,8%,11%,1%,1%,7%,14%,1%,3%,1%,0.48,0.62,11.01,934.58
China-MG2620,Soil,"De Jonge et al., 2014",40,23%,9%,3%,19%,15%,6%,5%,1%,1%,8%,8%,1%,1%,0%,0.51,0.46,11.01,934.58
China-MG2742,Soil,"De Jonge et al., 2014",41,64%,3%,1%,27%,1%,1%,0%,1%,0%,3%,0%,0%,0%,0%,0.68,0.03,11.01,934.58
China-MG2764,Soil,"De Jonge et al., 2014",42,40%,3%,1%,38%,5%,1%,0%,1%,0%,10%,1%,0%,0%,0%,0.47,0.11,11.01,934.58
China-MG2808,Soil,"De Jonge et al., 2014",43,53%,3%,1%,31%,3%,1%,0%,1%,0%,6%,1%,0%,0%,0%,0.59,0.09,11.01,934.58
China-MG2920,Soil,"De Jonge et al., 2014",44,42%,3%,1%,42%,8%,1%,0%,0%,0%,0%,3%,0%,0%,0%,0.52,0.20,11.01,934.58
China-MG2960,Soil,"De Jonge et al., 2014",45,24%,7%,4%,23%,15%,6%,3%,2%,0%,10%,6%,0%,1%,0%,0.46,0.38,2.53,740.24
China-MG3049,Soil,"De Jonge et al., 2014",46,46%,2%,1%,42%,0%,1%,0%,1%,0%,8%,0%,0%,0%,0%,0.49,0.00,8.27,797.02
China-MG3065,Soil,"De Jonge et al., 2014",47,28%,2%,0%,36%,8%,2%,2%,0%,0%,15%,5%,0%,1%,0%,0.36,0.23,2.53,740.24
China-MG3119,Soil,"De Jonge et al., 2014",48,37%,2%,0%,40%,5%,1%,1%,1%,0%,12%,1%,0%,0%,0%,0.42,0.11,2.53,740.24
China-MG3140,Soil,"De Jonge et al., 2014",49,57%,2%,0%,34%,1%,1%,0%,0%,0%,4%,1%,0%,0%,0%,0.60,0.05,2.53,740.24
China-MG3145,Soil,"De Jonge et al., 2014",50,19%,3%,1%,25%,12%,5%,5%,1%,0%,15%,13%,1%,1%,0%,0.33,0.40,2.53,740.24
China-MG3188,Soil,"De Jonge et al., 2014",51,41%,2%,0%,40%,2%,1%,0%,0%,0%,13%,0%,0%,0%,0%,0.44,0.04,2.53,740.24
China-MG3209,Soil,"De Jonge et al., 2014",52,31%,2%,0%,37%,4%,1%,0%,0%,0%,24%,1%,0%,0%,0%,0.35,0.07,2.53,740.24
China-MG3676,Soil,"De Jonge et al., 2014",53,35%,1%,0%,31%,10%,1%,0%,0%,0%,18%,3%,0%,0%,0%,0.42,0.21,2.53,740.24
China-MG3769,Soil,"De Jonge et al., 2014",54,36%,1%,0%,40%,4%,1%,0%,0%,0%,16%,1%,0%,0%,0%,0.39,0.08,2.53,740.24
China-MG3819,Soil,"De Jonge et al., 2014",55,37%,2%,0%,40%,3%,1%,0%,0%,0%,17%,1%,0%,0%,0%,0.40,0.06,2.53,740.24
ChinaP609,Soil,"Dearing Crampton-Flood et al., 2020",56,5%,2%,0%,4%,25%,3%,5%,0%,0%,7%,50%,0%,0%,0%,0.32,0.86,-3.79,455.69
ChinaP622,Soil,"Dearing Crampton-Flood et al., 2020",57,5%,4%,0%,3%,30%,4%,14%,0%,0%,4%,37%,0%,0%,0%,0.44,0.88,-2.45,650.74
ChinaP635,Soil,"Dearing Crampton-Flood et al., 2020",58,8%,5%,0%,5%,31%,9%,14%,0%,0%,6%,22%,0%,0%,0%,0.38,0.76,0.04,556.49
ChinaP642,Soil,"Dearing Crampton-Flood et al., 2020",59,6%,4%,0%,3%,27%,12%,13%,0%,0%,6%,24%,3%,2%,0%,0.34,0.74,-0.79,481.41
ChinaP801,Soil,"Dearing Crampton-Flood et al., 2020",60,5%,4%,0%,4%,27%,5%,12%,0%,0%,9%,35%,0%,0%,0%,0.34,0.81,-4.04,244.44
ChinaP751,Soil,"Dearing Crampton-Flood et al., 2020",61,6%,2%,0%,0%,33%,2%,13%,0%,0%,3%,41%,0%,0%,0%,0.63,0.95,0.59,295.02
ChinaP782,Soil,"Dearing Crampton-Flood et al., 2020",62,5%,3%,1%,3%,32%,6%,12%,0%,0%,4%,34%,0%,0%,0%,0.38,0.85,1.78,289.53
ChinaP784,Soil,"Dearing Crampton-Flood et al., 2020",63,6%,4%,1%,5%,28%,3%,12%,0%,0%,8%,34%,0%,0%,0%,0.37,0.81,-0.61,208.28
ChinaP810,Soil,"Dearing Crampton-Flood et al., 2020",64,10%,5%,0%,12%,30%,4%,10%,0%,0%,11%,19%,0%,0%,0%,0.36,0.68,-0.42,439.39
China41,Soil,"Dearing Crampton-Flood et al., 2020",65,14%,4%,0%,0%,50%,2%,7%,0%,0%,1%,21%,0%,0%,0%,0.86,0.96,3.12,178.10
China50,Soil,"Dearing Crampton-Flood et al., 2020",66,28%,7%,1%,19%,27%,3%,5%,0%,0%,5%,6%,0%,0%,0%,0.58,0.58,0.98,369.03
China51,Soil,"Dearing Crampton-Flood et al., 2020",67,36%,5%,1%,31%,16%,2%,1%,0%,0%,6%,3%,0%,0%,0%,0.51,0.34,-1.00,383.76
China55,Soil,"Dearing Crampton-Flood et al., 2020",68,27%,10%,1%,12%,32%,3%,6%,0%,0%,3%,7%,0%,0%,0%,0.69,0.72,0.48,269.77
China61,Soil,"Dearing Crampton-Flood et al., 2020",69,16%,9%,2%,15%,26%,8%,9%,0%,0%,6%,9%,0%,0%,0%,0.49,0.61,-2.40,355.17
China65,Soil,"Dearing Crampton-Flood et al., 2020",70,21%,6%,1%,6%,44%,2%,4%,0%,0%,1%,15%,0%,0%,0%,0.73,0.86,5.91,452.82
AES- 1,Soil,"Xiao et al., 2015",71,41%,5%,1%,30%,12%,2%,1%,0%,0%,6%,2%,0%,0%,0%,0.55,0.28,-2.74,376.58
QML- 1,Soil,"Xiao et al., 2015",72,7%,5%,0%,11%,24%,7%,11%,0%,0%,11%,21%,1%,2%,0%,0.29,0.66,-5.90,257.68
HY-1,Soil,"Xiao et al., 2015",73,6%,5%,2%,4%,30%,3%,13%,0%,0%,6%,27%,2%,1%,0%,0.50,0.83,-1.07,238.86
HYX-2,Soil,"Xiao et al., 2015",74,7%,3%,1%,4%,32%,4%,10%,0%,0%,6%,29%,1%,1%,0%,0.44,0.83,1.78,289.53
WLHT-2,Soil,"Xiao et al., 2015",75,44%,6%,1%,17%,21%,1%,2%,0%,0%,2%,5%,0%,0%,0%,0.72,0.58,2.55,398.72
ND-1,Soil,"Xiao et al., 2015",76,18%,5%,1%,3%,44%,3%,6%,0%,0%,2%,18%,0%,0%,0%,0.75,0.89,3.40,739.23
ZD-1,Soil,"Xiao et al., 2015",77,9%,6%,1%,8%,27%,6%,16%,0%,1%,7%,15%,1%,2%,0%,0.43,0.73,-5.06,289.29
TR-1,Soil,"Xiao et al., 2015",78,8%,2%,0%,4%,43%,2%,5%,0%,0%,4%,29%,0%,1%,0%,0.50,0.89,3.91,400.77
JB-1,Soil,"Xiao et al., 2015",79,10%,3%,0%,3%,49%,1%,5%,0%,0%,2%,24%,1%,1%,0%,0.68,0.92,7.53,374.94
ZGEQ-2,Soil,"Xiao et al., 2015",80,17%,16%,2%,4%,29%,6%,10%,1%,1%,2%,10%,1%,1%,0%,0.73,0.78,7.10,374.57
KDE-3,Soil,"Xiao et al., 2015",81,29%,7%,2%,18%,24%,4%,5%,1%,0%,5%,5%,0%,0%,0%,0.58,0.55,-3.21,414.79
MH-1,Soil,"Xiao et al., 2015",82,34%,1%,0%,41%,9%,0%,1%,0%,0%,12%,1%,0%,0%,0%,0.40,0.17,-5.21,435.81
NR-1,Soil,"Xiao et al., 2015",83,14%,8%,1%,14%,25%,4%,9%,0%,1%,9%,12%,0%,1%,1%,0.46,0.64,-2.88,338.18
FZ-2,Soil,"Xiao et al., 2015",84,12%,5%,1%,5%,45%,2%,8%,0%,0%,2%,18%,0%,1%,0%,0.67,0.89,6.25,390.43
LKZ-3,Soil,"Xiao et al., 2015",85,20%,2%,0%,26%,24%,2%,1%,0%,0%,19%,6%,0%,0%,0%,0.32,0.40,1.59,811.53
HQ-1,Soil,"Xiao et al., 2015",86,17%,4%,0%,3%,47%,1%,6%,0%,1%,2%,18%,0%,1%,0%,0.78,0.92,7.68,401.27
YKS-3,Soil,"Xiao et al., 2015",87,14%,10%,1%,13%,25%,5%,9%,0%,0%,8%,12%,0%,1%,0%,0.49,0.64,-2.45,394.92
RYZ-2,Soil,"Xiao et al., 2015",88,12%,12%,2%,5%,30%,9%,7%,2%,0%,5%,14%,1%,1%,0%,0.55,0.70,3.77,907.17
XJ-1,Soil,"Xiao et al., 2015",89,7%,2%,0%,4%,42%,2%,6%,0%,0%,5%,29%,0%,1%,0%,0.45,0.88,5.86,387.27
YZ-2,Soil,"Xiao et al., 2015",90,8%,6%,0%,5%,30%,4%,16%,0%,0%,6%,22%,1%,2%,0%,0.48,0.81,6.23,418.90
YZ-3,Soil,"Xiao et al., 2015",91,8%,6%,0%,7%,28%,5%,16%,0%,0%,8%,20%,0%,2%,0%,0.41,0.77,6.23,418.90
ZL-3,Soil,"Xiao et al., 2015",92,11%,6%,1%,2%,43%,3%,7%,0%,1%,2%,23%,0%,1%,0%,0.72,0.91,2.76,761.79
LX-1,Soil,"Xiao et al., 2015",93,14%,6%,1%,5%,43%,2%,9%,0%,1%,3%,17%,0%,1%,0%,0.68,0.88,6.84,393.84
ZLT-2,Soil,"Xiao et al., 2015",94,22%,10%,2%,4%,40%,2%,6%,0%,0%,1%,12%,0%,1%,0%,0.83,0.89,5.72,358.92
SHM-1,Soil,"Xiao et al., 2015",95,15%,3%,1%,4%,46%,1%,7%,0%,1%,1%,19%,0%,1%,0%,0.76,0.93,7.77,384.10
TD-3,Soil,"Xiao et al., 2015",96,6%,2%,0%,3%,37%,3%,10%,0%,0%,3%,31%,1%,1%,0%,0.47,0.89,0.18,355.22
HSH-3,Soil,"Xiao et al., 2015",97,19%,10%,2%,2%,37%,4%,6%,1%,1%,1%,18%,0%,0%,0%,0.79,0.89,8.03,369.61
SNJ4–1,Soil,"Yang et al., 2015",98,25%,2%,0%,35%,19%,1%,1%,0%,0%,11%,5%,0%,0%,0%,0.37,0.34,14.95,1055.03
SNJ4–2,Soil,"Yang et al., 2015",99,22%,4%,0%,20%,30%,3%,3%,0%,0%,11%,7%,0%,0%,0%,0.44,0.55,14.95,1055.03
SNJ5–1,Soil,"Yang et al., 2015",100,44%,4%,0%,36%,6%,1%,0%,0%,0%,8%,0%,0%,0%,0%,0.52,0.13,14.95,1055.03
SNJ5–2,Soil,"Yang et al., 2015",101,39%,3%,0%,38%,5%,1%,1%,0%,0%,12%,0%,0%,0%,0%,0.45,0.10,14.95,1055.03
SNJ5–3,Soil,"Yang et al., 2015",102,35%,4%,1%,33%,11%,2%,1%,0%,0%,10%,2%,0%,0%,0%,0.47,0.24,14.95,1055.03
SNJ5–4,Soil,"Yang et al., 2015",103,35%,4%,1%,32%,13%,2%,1%,0%,0%,10%,2%,0%,0%,0%,0.48,0.27,14.95,1055.03
SNJ6–1,Soil,"Yang et al., 2015",104,32%,4%,1%,31%,14%,2%,1%,0%,0%,11%,3%,0%,0%,0%,0.45,0.29,14.95,1055.03
SNJ6–2,Soil,"Yang et al., 2015",105,36%,4%,1%,35%,8%,2%,1%,0%,0%,10%,2%,0%,0%,0%,0.47,0.19,14.95,1055.03
SNJ6–4,Soil,"Yang et al., 2015",106,23%,7%,2%,17%,20%,4%,8%,0%,0%,5%,12%,0%,1%,0%,0.55,0.61,14.95,1055.03
SNJ7–2,Soil,"Yang et al., 2015",107,25%,9%,3%,21%,19%,6%,4%,0%,0%,8%,5%,0%,0%,0%,0.52,0.45,14.95,1055.03
SNJ7–4,Soil,"Yang et al., 2015",108,26%,9%,4%,23%,16%,4%,3%,1%,0%,7%,4%,1%,0%,0%,0.53,0.40,14.95,1055.03
SNJ1–1,Soil,"Yang et al., 2015",109,27%,9%,3%,21%,19%,5%,4%,1%,0%,6%,4%,0%,0%,0%,0.54,0.45,11.51,986.91
SNJ8–4,Soil,"Yang et al., 2015",110,26%,12%,5%,18%,18%,7%,5%,0%,0%,5%,3%,0%,0%,0%,0.58,0.46,14.95,1055.03
SNJ2–1,Soil,"Yang et al., 2015",111,55%,7%,1%,24%,7%,1%,1%,0%,0%,3%,1%,0%,0%,0%,0.69,0.22,13.96,1065.80
SNJ9–1,Soil,"Yang et al., 2015",112,12%,10%,1%,5%,26%,4%,18%,1%,1%,4%,15%,1%,3%,0%,0.62,0.81,14.95,1055.03
SNJ10–2,Soil,"Yang et al., 2015",113,49%,4%,1%,31%,7%,1%,0%,0%,0%,6%,1%,0%,0%,0%,0.59,0.19,14.95,1055.03
SNJ10–3,Soil,"Yang et al., 2015",114,44%,13%,2%,16%,14%,2%,3%,0%,0%,3%,2%,0%,0%,0%,0.73,0.48,14.95,1055.03
SNJ11–1,Soil,"Yang et al., 2015",115,16%,10%,1%,6%,28%,4%,16%,1%,1%,4%,11%,1%,2%,0%,0.65,0.79,14.95,1055.03
SNJ11–4,Soil,"Yang et al., 2015",116,25%,11%,2%,13%,20%,5%,11%,1%,1%,5%,6%,1%,1%,0%,0.63,0.62,14.95,1055.03
SNJ11–3,Soil,"Yang et al., 2015",117,70%,3%,1%,19%,5%,0%,0%,0%,0%,2%,1%,0%,0%,0%,0.78,0.20,14.95,1055.03
SNJ12–2,Soil,"Yang et al., 2015",118,35%,15%,5%,13%,16%,4%,5%,0%,0%,3%,3%,0%,0%,0%,0.73,0.54,14.47,1033.25
SNJ12–3,Soil,"Yang et al., 2015",119,28%,17%,5%,13%,16%,5%,7%,1%,0%,4%,3%,0%,0%,0%,0.69,0.55,14.47,1033.25
SNJ12–5,Soil,"Yang et al., 2015",120,19%,8%,2%,4%,33%,2%,16%,0%,0%,2%,15%,0%,0%,0%,0.79,0.90,14.47,1033.25
SNJ13–2,Soil,"Yang et al., 2015",121,50%,11%,3%,16%,11%,1%,3%,0%,0%,2%,2%,0%,0%,0%,0.77,0.46,14.47,1033.25
SNJ13–4,Soil,"Yang et al., 2015",122,30%,16%,4%,8%,19%,2%,9%,1%,0%,2%,5%,0%,1%,0%,0.79,0.71,14.47,1033.25
SNJ7–3,Soil,"Yang et al., 2015",123,44%,18%,6%,10%,12%,2%,4%,0%,0%,1%,2%,0%,0%,0%,0.83,0.57,14.95,1055.03
NY-1,Soil,"Lei et al., 2016",124,20%,16%,5%,3%,34%,1%,11%,0%,1%,1%,7%,0%,0%,0%,0.87,0.90,14.29,768.41
NY-10,Soil,"Lei et al., 2016",125,22%,16%,2%,5%,34%,2%,9%,0%,0%,2%,7%,0%,0%,0%,0.82,0.85,14.29,768.41
NY-11,Soil,"Lei et al., 2016",126,21%,17%,4%,3%,33%,2%,12%,0%,0%,2%,6%,0%,0%,0%,0.88,0.90,14.29,768.41
NY-12,Soil,"Lei et al., 2016",127,70%,3%,0%,12%,12%,0%,0%,0%,0%,2%,1%,0%,0%,0%,0.84,0.48,14.29,768.41
NY-13,Soil,"Lei et al., 2016",128,70%,3%,0%,11%,12%,0%,0%,0%,0%,2%,1%,0%,0%,0%,0.84,0.49,14.29,768.41
NY-15,Soil,"Lei et al., 2016",129,65%,4%,0%,16%,10%,1%,1%,0%,0%,2%,1%,0%,0%,0%,0.79,0.39,14.29,768.41
NY-16,Soil,"Lei et al., 2016",130,68%,5%,0%,15%,9%,0%,1%,0%,0%,2%,1%,0%,0%,0%,0.81,0.39,14.29,768.41
NY-17,Soil,"Lei et al., 2016",131,66%,4%,0%,15%,11%,0%,1%,0%,0%,2%,1%,0%,0%,0%,0.81,0.44,14.29,768.41
NY-18,Soil,"Lei et al., 2016",132,71%,3%,0%,13%,10%,0%,1%,0%,0%,2%,1%,0%,0%,0%,0.84,0.45,14.29,768.41
NY-2,Soil,"Lei et al., 2016",133,54%,4%,0%,13%,21%,1%,2%,0%,0%,2%,2%,0%,0%,0%,0.78,0.60,14.29,768.41
NY-20,Soil,"Lei et al., 2016",134,64%,3%,0%,15%,14%,0%,1%,0%,0%,2%,1%,0%,0%,0%,0.80,0.48,14.29,768.41
NY-21,Soil,"Lei et al., 2016",135,19%,23%,5%,2%,22%,2%,15%,1%,1%,2%,6%,0%,1%,0%,0.88,0.87,14.29,768.41
NY-22,Soil,"Lei et al., 2016",136,19%,22%,6%,3%,23%,2%,15%,1%,1%,2%,6%,1%,1%,0%,0.87,0.86,14.29,768.41
NY-23,Soil,"Lei et al., 2016",137,18%,14%,4%,5%,31%,2%,11%,0%,1%,3%,9%,0%,1%,0%,0.79,0.84,14.29,768.41
NY-24,Soil,"Lei et al., 2016",138,19%,17%,3%,4%,33%,2%,14%,0%,0%,2%,7%,0%,0%,0%,0.81,0.86,14.29,768.41
NY-25,Soil,"Lei et al., 2016",139,23%,15%,3%,4%,30%,2%,13%,0%,1%,2%,6%,0%,0%,0%,0.83,0.86,14.29,768.41
NY-3,Soil,"Lei et al., 2016",140,46%,5%,0%,13%,25%,1%,3%,0%,0%,3%,4%,0%,0%,0%,0.75,0.65,14.29,768.41
NY-4,Soil,"Lei et al., 2016",141,65%,3%,0%,13%,15%,0%,1%,0%,0%,1%,1%,0%,0%,0%,0.82,0.54,14.29,768.41
NY-5,Soil,"Lei et al., 2016",142,70%,3%,0%,11%,13%,0%,0%,0%,0%,2%,1%,0%,0%,0%,0.85,0.52,14.29,768.41
NY-6,Soil,"Lei et al., 2016",143,26%,7%,1%,5%,40%,1%,7%,0%,0%,2%,9%,0%,0%,0%,0.79,0.86,14.29,768.41
NY-7,Soil,"Lei et al., 2016",144,27%,13%,2%,7%,29%,2%,10%,0%,0%,2%,7%,0%,0%,0%,0.79,0.80,14.29,768.41
NY-8,Soil,"Lei et al., 2016",145,55%,11%,1%,8%,16%,2%,3%,0%,0%,1%,3%,0%,0%,0%,0.86,0.67,14.29,768.41
NY-9,Soil,"Lei et al., 2016",146,23%,22%,3%,3%,27%,1%,11%,0%,0%,1%,7%,0%,0%,0%,0.88,0.88,14.29,768.41
NY-26,Soil,"Lei et al., 2016",147,19%,11%,3%,4%,40%,1%,10%,1%,1%,2%,8%,0%,0%,0%,0.81,0.88,14.29,768.41
NY-14,Soil,"Lei et al., 2016",148,67%,5%,0%,10%,13%,0%,2%,0%,0%,1%,1%,0%,0%,0%,0.87,0.59,14.29,768.41
NY-19,Soil,"Lei et al., 2016",149,75%,1%,0%,13%,7%,0%,0%,0%,0%,2%,1%,0%,0%,0%,0.83,0.34,14.29,768.41
KMS-1,Soil,"Lei et al., 2016",150,59%,2%,0%,21%,14%,0%,0%,0%,0%,2%,1%,0%,0%,0%,0.72,0.40,14.60,1030.56
KMS-3,Soil,"Lei et al., 2016",151,49%,7%,1%,15%,21%,1%,2%,0%,0%,2%,3%,0%,0%,0%,0.76,0.59,14.60,1030.56
KMS-4,Soil,"Lei et al., 2016",152,49%,7%,1%,15%,20%,1%,2%,0%,0%,2%,3%,0%,0%,0%,0.76,0.58,14.60,1030.56
KMS-5,Soil,"Lei et al., 2016",153,19%,7%,1%,8%,30%,3%,12%,0%,1%,3%,14%,1%,1%,0%,0.65,0.79,14.60,1030.56
KMS-6,Soil,"Lei et al., 2016",154,17%,11%,2%,6%,27%,2%,18%,0%,1%,3%,10%,1%,2%,0%,0.72,0.83,14.60,1030.56
KMS-8,Soil,"Lei et al., 2016",155,65%,5%,1%,15%,9%,1%,1%,0%,0%,1%,1%,0%,0%,0%,0.81,0.40,14.60,1030.56
KMS-9,Soil,"Lei et al., 2016",156,68%,2%,0%,17%,11%,0%,0%,0%,0%,2%,1%,0%,0%,0%,0.79,0.39,14.60,1030.56
KMS-10,Soil,"Lei et al., 2016",157,77%,5%,2%,10%,6%,0%,0%,0%,0%,0%,0%,0%,0%,0%,0.89,0.38,14.60,1030.56
KMS-11,Soil,"Lei et al., 2016",158,71%,1%,0%,18%,7%,0%,0%,0%,0%,2%,1%,0%,0%,0%,0.77,0.27,14.60,1030.56
KMS-12,Soil,"Lei et al., 2016",159,71%,2%,0%,12%,12%,0%,0%,0%,0%,1%,2%,0%,0%,0%,0.85,0.52,14.60,1030.56
KMS-13,Soil,"Lei et al., 2016",160,65%,3%,0%,14%,15%,0%,0%,0%,0%,1%,2%,0%,0%,0%,0.82,0.52,14.60,1030.56
KMS-14,Soil,"Lei et al., 2016",161,48%,9%,1%,15%,17%,1%,3%,0%,0%,2%,4%,0%,0%,0%,0.77,0.58,14.60,1030.56
KMS-15,Soil,"Lei et al., 2016",162,64%,3%,0%,17%,11%,0%,0%,0%,0%,2%,2%,0%,0%,0%,0.78,0.41,14.60,1030.56
LP-2,Soil,"Lei et al., 2016",163,22%,28%,5%,5%,17%,3%,14%,0%,1%,3%,3%,0%,1%,0%,0.84,0.76,14.60,1030.56
LP-3,Soil,"Lei et al., 2016",164,42%,10%,1%,15%,22%,1%,3%,0%,0%,2%,3%,0%,0%,0%,0.74,0.60,14.60,1030.56
LP-4,Soil,"Lei et al., 2016",165,27%,20%,4%,6%,23%,2%,9%,0%,0%,2%,6%,0%,1%,0%,0.84,0.79,14.60,1030.56
LP-5,Soil,"Lei et al., 2016",166,23%,21%,4%,8%,19%,4%,13%,0%,0%,2%,4%,0%,1%,0%,0.77,0.72,14.60,1030.56
LP-1,Soil,"Lei et al., 2016",167,21%,29%,5%,5%,16%,3%,13%,0%,1%,3%,2%,0%,1%,0%,0.83,0.74,14.60,1030.56
NES-1,Soil,"Wang et al., 2016",168,16%,5%,0%,6%,47%,1%,6%,0%,0%,2%,16%,0%,1%,0%,0.70,0.88,12.57,524.05
NES-2,Soil,"Wang et al., 2016",169,16%,6%,1%,3%,50%,1%,6%,0%,0%,1%,15%,0%,1%,0%,0.84,0.94,12.57,524.05
NES-3,Soil,"Wang et al., 2016",170,17%,5%,0%,5%,49%,1%,6%,0%,0%,2%,15%,0%,1%,0%,0.76,0.90,12.57,524.05
NES-4,Soil,"Wang et al., 2016",171,16%,4%,1%,5%,47%,2%,5%,0%,0%,3%,16%,0%,1%,0%,0.66,0.87,7.97,462.90
NES-5,Soil,"Wang et al., 2016",172,16%,4%,0%,5%,49%,1%,5%,0%,0%,2%,16%,0%,1%,0%,0.70,0.89,7.97,462.90
NES-6,Soil,"Wang et al., 2016",173,16%,5%,1%,5%,46%,2%,6%,0%,0%,3%,15%,0%,1%,0%,0.68,0.87,7.97,462.90
NES-7,Soil,"Wang et al., 2016",174,12%,2%,0%,1%,48%,0%,9%,0%,0%,1%,27%,0%,0%,0%,0.89,0.98,6.31,450.64
NES-8,Soil,"Wang et al., 2016",175,10%,2%,0%,2%,44%,1%,8%,0%,0%,1%,31%,0%,1%,0%,0.79,0.96,6.31,450.64
NES-9,Soil,"Wang et al., 2016",176,11%,2%,0%,3%,48%,1%,7%,0%,0%,1%,26%,0%,1%,0%,0.74,0.94,6.31,450.64
NES-10,Soil,"Wang et al., 2016",177,13%,7%,1%,4%,42%,1%,10%,0%,0%,2%,19%,0%,1%,0%,0.73,0.90,5.16,406.48
NES-11,Soil,"Wang et al., 2016",178,14%,8%,1%,3%,42%,2%,10%,0%,0%,2%,18%,0%,1%,0%,0.78,0.92,5.16,406.48
NES-12,Soil,"Wang et al., 2016",179,11%,6%,1%,3%,44%,1%,10%,0%,0%,2%,20%,0%,1%,0%,0.76,0.93,5.16,406.48
NES-13,Soil,"Wang et al., 2016",180,11%,4%,1%,7%,41%,2%,6%,0%,1%,5%,21%,0%,1%,0%,0.52,0.83,5.75,401.95
NES-14,Soil,"Wang et al., 2016",181,11%,4%,0%,8%,41%,2%,6%,0%,1%,5%,21%,0%,1%,0%,0.50,0.82,5.75,401.95
NES-15,Soil,"Wang et al., 2016",182,11%,4%,1%,8%,41%,2%,6%,0%,1%,5%,21%,0%,1%,0%,0.49,0.81,5.75,401.95
NES-16,Soil,"Wang et al., 2016",183,10%,3%,1%,8%,41%,2%,5%,0%,0%,5%,23%,0%,1%,0%,0.48,0.81,3.37,383.05
NES-17,Soil,"Wang et al., 2016",184,11%,4%,1%,7%,41%,3%,5%,0%,0%,5%,21%,0%,1%,0%,0.51,0.82,3.37,383.05
NES-18,Soil,"Wang et al., 2016",185,11%,4%,1%,8%,41%,3%,5%,0%,0%,5%,20%,0%,1%,0%,0.50,0.81,3.37,383.05
NES-19,Soil,"Wang et al., 2016",186,13%,4%,1%,13%,38%,2%,5%,0%,0%,7%,17%,0%,1%,0%,0.44,0.73,3.90,363.66
NES-20,Soil,"Wang et al., 2016",187,12%,3%,1%,12%,39%,2%,4%,0%,0%,7%,18%,0%,1%,0%,0.43,0.74,3.90,363.66
NES-21,Soil,"Wang et al., 2016",188,13%,4%,1%,11%,39%,2%,5%,0%,0%,7%,18%,0%,1%,0%,0.46,0.75,3.90,363.66
NES-22,Soil,"Wang et al., 2016",189,10%,3%,1%,6%,42%,2%,5%,0%,0%,4%,25%,0%,1%,0%,0.51,0.85,3.28,334.83
NES-23,Soil,"Wang et al., 2016",190,11%,4%,1%,10%,37%,2%,7%,0%,0%,6%,19%,0%,1%,0%,0.46,0.77,3.28,334.83
NES-24,Soil,"Wang et al., 2016",191,10%,4%,1%,7%,40%,3%,6%,0%,0%,5%,23%,0%,1%,0%,0.49,0.82,3.28,334.83
NES-25,Soil,"Wang et al., 2016",192,14%,3%,1%,11%,43%,2%,3%,0%,0%,5%,18%,0%,0%,0%,0.49,0.78,2.68,356.25
NES-26,Soil,"Wang et al., 2016",193,14%,3%,0%,11%,42%,2%,3%,0%,0%,6%,18%,0%,0%,0%,0.47,0.76,2.68,356.25
NES-27,Soil,"Wang et al., 2016",194,13%,3%,0%,13%,40%,2%,3%,0%,0%,7%,17%,0%,0%,0%,0.43,0.74,2.68,356.25
NES-28,Soil,"Wang et al., 2016",195,21%,4%,0%,19%,32%,2%,3%,0%,0%,8%,10%,0%,0%,0%,0.46,0.61,1.29,361.10
NES-29,Soil,"Wang et al., 2016",196,21%,5%,1%,19%,31%,2%,4%,0%,0%,7%,10%,0%,0%,0%,0.48,0.62,1.29,361.10
NES-30,Soil,"Wang et al., 2016",197,19%,6%,1%,17%,32%,3%,5%,0%,0%,7%,11%,0%,1%,0%,0.49,0.64,1.29,361.10
NES-31,Soil,"Wang et al., 2016",198,13%,5%,1%,3%,47%,2%,6%,0%,0%,2%,20%,0%,1%,0%,0.71,0.91,3.85,374.89
NES-32,Soil,"Wang et al., 2016",199,12%,3%,0%,4%,50%,2%,4%,0%,0%,2%,22%,0%,1%,0%,0.67,0.91,3.85,374.89
NES-33,Soil,"Wang et al., 2016",200,12%,3%,1%,4%,49%,2%,5%,0%,0%,2%,22%,0%,1%,0%,0.66,0.90,3.85,374.89
NES-34,Soil,"Wang et al., 2016",201,15%,4%,1%,6%,46%,2%,6%,0%,0%,3%,17%,0%,1%,0%,0.66,0.87,5.66,370.68
NES-35,Soil,"Wang et al., 2016",202,15%,5%,1%,5%,46%,2%,6%,0%,0%,3%,17%,0%,1%,0%,0.68,0.88,5.66,370.68
NES-36,Soil,"Wang et al., 2016",203,15%,5%,1%,4%,47%,2%,6%,0%,0%,2%,16%,0%,1%,0%,0.71,0.89,5.66,370.68
NES-37,Soil,"Wang et al., 2016",204,19%,4%,1%,8%,43%,2%,4%,0%,0%,3%,14%,0%,0%,0%,0.64,0.81,6.24,369.74
NES-38,Soil,"Wang et al., 2016",205,19%,5%,1%,8%,42%,2%,5%,0%,0%,3%,13%,0%,1%,0%,0.65,0.82,6.24,369.74
NES-39,Soil,"Wang et al., 2016",206,19%,5%,1%,8%,43%,2%,4%,0%,0%,3%,13%,0%,1%,0%,0.64,0.82,6.24,369.74
NES-40,Soil,"Wang et al., 2016",207,24%,7%,1%,16%,31%,2%,4%,0%,0%,6%,8%,0%,0%,0%,0.58,0.65,5.48,372.10
NES-41,Soil,"Wang et al., 2016",208,22%,6%,1%,16%,34%,2%,4%,0%,0%,6%,9%,0%,0%,0%,0.54,0.66,5.48,372.10
NES-42,Soil,"Wang et al., 2016",209,24%,6%,1%,15%,33%,2%,4%,0%,0%,6%,8%,0%,0%,0%,0.58,0.67,5.48,372.10
NES-43,Soil,"Wang et al., 2016",210,31%,5%,0%,18%,31%,1%,2%,0%,0%,4%,6%,0%,0%,0%,0.60,0.62,4.80,383.44
NES-44,Soil,"Wang et al., 2016",211,28%,6%,1%,15%,33%,1%,4%,0%,0%,5%,7%,0%,0%,0%,0.62,0.67,4.80,383.44
NES-45,Soil,"Wang et al., 2016",212,28%,5%,1%,16%,33%,1%,3%,0%,0%,4%,7%,0%,0%,0%,0.61,0.67,4.80,383.44
NES-46,Soil,"Wang et al., 2016",213,38%,5%,1%,23%,23%,2%,2%,0%,0%,4%,3%,0%,0%,0%,0.61,0.51,3.76,389.75
NES-47,Soil,"Wang et al., 2016",214,34%,7%,1%,21%,25%,2%,3%,0%,0%,4%,3%,0%,0%,0%,0.62,0.55,3.76,389.75
NES-48,Soil,"Wang et al., 2016",215,36%,4%,0%,22%,26%,1%,2%,0%,0%,4%,4%,0%,0%,0%,0.60,0.54,3.76,389.75
NES-49,Soil,"Wang et al., 2016",216,32%,7%,1%,16%,29%,2%,4%,0%,0%,5%,5%,0%,0%,0%,0.64,0.63,3.43,402.32
NES-50,Soil,"Wang et al., 2016",217,37%,6%,0%,18%,26%,1%,3%,0%,0%,5%,4%,0%,0%,0%,0.64,0.57,3.43,402.32
NES-51,Soil,"Wang et al., 2016",218,34%,5%,0%,18%,29%,1%,2%,0%,0%,5%,5%,0%,0%,0%,0.62,0.59,3.43,402.32
NES-52,Soil,"Wang et al., 2016",219,25%,4%,1%,20%,30%,2%,4%,0%,0%,6%,8%,0%,0%,0%,0.51,0.60,-2.40,355.17
NES-53,Soil,"Wang et al., 2016",220,25%,4%,1%,22%,28%,2%,3%,0%,0%,6%,7%,0%,0%,0%,0.49,0.56,-2.40,355.17
NES-54,Soil,"Wang et al., 2016",221,27%,4%,0%,23%,28%,2%,3%,0%,0%,6%,7%,0%,0%,0%,0.50,0.56,-2.40,355.17
NES-55,Soil,"Wang et al., 2016",222,18%,8%,1%,19%,24%,7%,8%,0%,0%,6%,8%,0%,1%,0%,0.46,0.56,-2.40,355.17
NES-56,Soil,"Wang et al., 2016",223,19%,8%,2%,20%,24%,7%,6%,1%,0%,6%,8%,0%,1%,0%,0.46,0.54,-2.40,355.17
NES-57,Soil,"Wang et al., 2016",224,18%,8%,1%,20%,23%,6%,7%,0%,0%,6%,8%,0%,1%,0%,0.46,0.54,-2.40,355.17
NES-58,Soil,"Wang et al., 2016",225,31%,5%,1%,20%,26%,2%,2%,0%,0%,6%,6%,0%,0%,0%,0.56,0.55,-3.40,386.59
NES-59,Soil,"Wang et al., 2016",226,28%,4%,1%,21%,26%,2%,3%,0%,0%,8%,6%,0%,0%,0%,0.51,0.53,-3.40,386.59
NES-60,Soil,"Wang et al., 2016",227,25%,6%,1%,20%,27%,3%,3%,0%,0%,7%,7%,0%,0%,0%,0.52,0.56,-3.40,386.59
NES-61,Soil,"Wang et al., 2016",228,44%,2%,0%,35%,6%,1%,0%,0%,0%,10%,2%,0%,0%,0%,0.50,0.14,-5.66,442.67
NES-62,Soil,"Wang et al., 2016",229,47%,1%,0%,41%,1%,1%,0%,0%,0%,8%,0%,0%,0%,0%,0.50,0.03,-5.66,442.67
NES-63,Soil,"Wang et al., 2016",230,49%,2%,0%,37%,3%,1%,0%,0%,0%,7%,1%,0%,0%,0%,0.53,0.09,-5.66,442.67
NES-64,Soil,"Wang et al., 2016",231,55%,1%,0%,38%,1%,0%,0%,0%,0%,5%,0%,0%,0%,0%,0.56,0.02,-5.66,442.67
NES-65,Soil,"Wang et al., 2016",232,52%,1%,0%,37%,2%,0%,0%,0%,0%,8%,0%,0%,0%,0%,0.54,0.05,-5.66,442.67
NES-66,Soil,"Wang et al., 2016",233,56%,0%,0%,35%,1%,0%,0%,0%,0%,7%,0%,0%,0%,0%,0.57,0.04,-5.66,442.67
NES-67,Soil,"Wang et al., 2016",234,51%,1%,0%,41%,1%,0%,0%,0%,0%,6%,0%,0%,0%,0%,0.52,0.02,-5.44,429.19
NES-68,Soil,"Wang et al., 2016",235,42%,1%,0%,45%,1%,1%,0%,0%,0%,9%,0%,0%,0%,0%,0.44,0.03,-5.44,429.19
NES-69,Soil,"Wang et al., 2016",236,43%,1%,0%,45%,2%,1%,0%,0%,0%,9%,0%,0%,0%,0%,0.45,0.04,-5.44,429.19
NES-70,Soil,"Wang et al., 2016",237,50%,1%,0%,41%,1%,0%,0%,0%,0%,6%,0%,0%,0%,0%,0.52,0.03,-5.11,424.28
NES-71,Soil,"Wang et al., 2016",238,43%,1%,0%,43%,1%,0%,0%,0%,0%,12%,0%,0%,0%,0%,0.44,0.02,-5.11,424.28
NES-72,Soil,"Wang et al., 2016",239,43%,1%,0%,45%,1%,0%,0%,0%,0%,9%,0%,0%,0%,0%,0.45,0.03,-5.11,424.28
NES-73,Soil,"Wang et al., 2016",240,22%,7%,1%,25%,20%,5%,5%,1%,0%,7%,6%,0%,0%,0%,0.45,0.45,-5.11,424.28
NES-74,Soil,"Wang et al., 2016",241,16%,8%,1%,22%,22%,6%,7%,1%,0%,8%,9%,0%,1%,0%,0.41,0.51,-5.11,424.28
NES-75,Soil,"Wang et al., 2016",242,19%,7%,1%,22%,22%,6%,6%,1%,0%,8%,8%,0%,1%,0%,0.43,0.49,-5.11,424.28
NES-76,Soil,"Wang et al., 2016",243,28%,4%,1%,37%,12%,3%,1%,0%,0%,10%,3%,0%,0%,0%,0.40,0.25,-4.20,404.47
NES-77,Soil,"Wang et al., 2016",244,31%,3%,0%,39%,11%,2%,1%,0%,0%,10%,3%,0%,0%,0%,0.41,0.22,-4.20,404.47
NES-78,Soil,"Wang et al., 2016",245,28%,4%,1%,37%,12%,3%,1%,1%,0%,10%,3%,0%,0%,0%,0.40,0.25,-4.20,404.47
NES-79,Soil,"Wang et al., 2016",246,34%,4%,0%,27%,21%,2%,2%,0%,0%,5%,4%,0%,0%,0%,0.53,0.45,-1.12,340.29
NES-80,Soil,"Wang et al., 2016",247,33%,4%,0%,26%,22%,2%,3%,0%,0%,5%,5%,0%,0%,0%,0.53,0.47,-1.12,340.29
NES-81,Soil,"Wang et al., 2016",248,32%,4%,1%,26%,22%,1%,3%,0%,0%,5%,5%,0%,0%,0%,0.53,0.47,-1.12,340.29
NES-82,Soil,"Wang et al., 2016",249,30%,6%,1%,24%,22%,3%,3%,0%,0%,6%,5%,0%,0%,0%,0.54,0.48,-1.04,343.71
NES-83,Soil,"Wang et al., 2016",250,33%,6%,1%,22%,23%,2%,3%,0%,0%,6%,4%,0%,0%,0%,0.58,0.51,-1.04,343.71
NES-84,Soil,"Wang et al., 2016",251,32%,5%,1%,23%,24%,2%,2%,0%,0%,6%,5%,0%,0%,0%,0.55,0.50,-1.04,343.71
NES-85,Soil,"Wang et al., 2016",252,29%,7%,1%,22%,22%,4%,3%,0%,0%,6%,5%,0%,0%,0%,0.54,0.49,-2.78,367.88
NES-86,Soil,"Wang et al., 2016",253,31%,7%,1%,25%,19%,4%,4%,0%,0%,5%,4%,0%,0%,0%,0.53,0.45,-2.78,367.88
NES-87,Soil,"Wang et al., 2016",254,23%,9%,1%,19%,24%,5%,5%,0%,0%,5%,7%,0%,0%,0%,0.53,0.55,-2.78,367.88
NES-88,Soil,"Wang et al., 2016",255,25%,8%,2%,21%,24%,4%,4%,1%,0%,5%,6%,0%,0%,0%,0.52,0.52,-2.00,337.52
NES-89,Soil,"Wang et al., 2016",256,24%,7%,2%,22%,24%,4%,4%,1%,0%,5%,6%,0%,0%,0%,0.51,0.52,-2.00,337.52
NES-90,Soil,"Wang et al., 2016",257,25%,8%,2%,21%,24%,4%,4%,1%,0%,5%,6%,0%,0%,0%,0.53,0.53,-2.00,337.52
NES-91,Soil,"Wang et al., 2016",258,23%,7%,1%,21%,26%,4%,4%,1%,0%,6%,7%,0%,0%,0%,0.50,0.54,-2.74,376.58
NES-92,Soil,"Wang et al., 2016",259,25%,5%,1%,29%,19%,4%,4%,1%,0%,7%,6%,0%,0%,0%,0.44,0.41,-2.74,376.58
NES-93,Soil,"Wang et al., 2016",260,21%,6%,1%,24%,23%,4%,4%,0%,0%,7%,7%,0%,0%,0%,0.43,0.49,-2.74,376.58
NES-94,Soil,"Wang et al., 2016",261,20%,9%,1%,22%,21%,6%,6%,1%,0%,7%,6%,0%,0%,0%,0.46,0.49,-2.23,372.48
NES-95,Soil,"Wang et al., 2016",262,20%,9%,2%,20%,22%,6%,6%,1%,0%,6%,6%,0%,1%,0%,0.47,0.50,-2.23,372.48
NES-96,Soil,"Wang et al., 2016",263,21%,9%,2%,24%,19%,6%,5%,1%,0%,7%,5%,0%,0%,0%,0.45,0.44,-2.23,372.48
WLPS-1,Soil,"Wang et al., 2016",264,13%,6%,1%,10%,37%,3%,7%,0%,0%,6%,16%,0%,1%,0%,0.52,0.77,10.30,554.87
WLPS-2,Soil,"Wang et al., 2016",265,13%,7%,1%,7%,40%,3%,7%,0%,0%,4%,19%,0%,0%,0%,0.61,0.83,10.30,554.87
WLPS-3,Soil,"Wang et al., 2016",266,16%,11%,1%,3%,39%,2%,10%,0%,0%,2%,16%,0%,0%,0%,0.81,0.91,10.30,554.87
WLPS-5,Soil,"Wang et al., 2016",267,9%,3%,0%,6%,39%,3%,4%,0%,0%,8%,28%,0%,0%,0%,0.40,0.80,6.18,448.21
WLPS-7,Soil,"Wang et al., 2016",268,8%,3%,2%,4%,41%,1%,6%,0%,0%,4%,29%,0%,1%,0%,0.58,0.89,6.25,418.90
WLPS-13,Soil,"Wang et al., 2016",269,7%,1%,0%,3%,43%,1%,3%,0%,0%,3%,40%,0%,0%,0%,0.54,0.93,5.71,233.02
WLPS-41,Soil,"Wang et al., 2016",270,10%,2%,0%,1%,50%,1%,5%,0%,0%,2%,28%,0%,0%,0%,0.74,0.95,7.25,168.16
WLPS-46,Soil,"Wang et al., 2016",271,10%,3%,1%,5%,44%,2%,6%,0%,1%,5%,23%,0%,1%,0%,0.54,0.86,4.97,245.13
WLPS-47,Soil,"Wang et al., 2016",272,11%,3%,0%,5%,45%,2%,5%,0%,0%,4%,22%,0%,1%,0%,0.55,0.86,4.97,245.13
WLPS-49,Soil,"Wang et al., 2016",273,13%,3%,1%,2%,54%,2%,4%,0%,0%,2%,18%,0%,1%,0%,0.73,0.92,4.06,264.29
WLPS-50,Soil,"Wang et al., 2016",274,13%,3%,1%,5%,52%,2%,4%,0%,0%,2%,17%,0%,0%,0%,0.66,0.89,4.06,264.29
WLPS-51,Soil,"Wang et al., 2016",275,12%,3%,0%,5%,47%,2%,5%,0%,0%,4%,22%,0%,0%,0%,0.58,0.87,4.06,264.29
WLPS-52,Soil,"Wang et al., 2016",276,11%,4%,1%,5%,41%,4%,5%,0%,1%,5%,21%,1%,1%,0%,0.55,0.83,7.09,313.05
WLPS-53,Soil,"Wang et al., 2016",277,10%,3%,1%,7%,40%,3%,6%,0%,0%,5%,24%,1%,1%,0%,0.47,0.81,7.09,313.05
WLPS-54,Soil,"Wang et al., 2016",278,8%,3%,0%,6%,38%,2%,8%,0%,0%,5%,30%,0%,0%,0%,0.45,0.85,7.09,313.05
WLPS-56,Soil,"Wang et al., 2016",279,12%,6%,1%,3%,44%,6%,6%,0%,0%,2%,20%,0%,0%,0%,0.65,0.87,7.43,310.86
WLPS-57,Soil,"Wang et al., 2016",280,13%,5%,1%,3%,45%,5%,5%,0%,0%,2%,21%,0%,0%,0%,0.66,0.88,7.43,310.86
WLPS-58,Soil,"Wang et al., 2016",281,13%,5%,1%,5%,45%,3%,4%,0%,0%,3%,21%,0%,0%,0%,0.62,0.87,7.24,290.29
WLPS-59,Soil,"Wang et al., 2016",282,11%,3%,0%,6%,47%,2%,4%,0%,0%,4%,24%,0%,0%,0%,0.52,0.86,7.24,290.29
WLPS-60,Soil,"Wang et al., 2016",283,11%,3%,0%,5%,49%,2%,4%,0%,0%,3%,24%,0%,0%,0%,0.57,0.88,7.24,290.29
WLPS-62,Soil,"Wang et al., 2016",284,12%,4%,1%,2%,49%,2%,5%,0%,0%,2%,23%,0%,0%,0%,0.73,0.93,7.90,337.11
WLPS-63,Soil,"Wang et al., 2016",285,13%,4%,1%,4%,47%,2%,5%,0%,0%,2%,23%,0%,0%,0%,0.71,0.91,7.90,337.11
WLPS-64,Soil,"Wang et al., 2016",286,12%,5%,0%,8%,42%,2%,7%,0%,0%,4%,21%,0%,0%,0%,0.55,0.83,7.31,365.54
WLPS-65,Soil,"Wang et al., 2016",287,13%,3%,0%,6%,41%,1%,8%,0%,0%,3%,22%,0%,1%,0%,0.59,0.86,7.31,365.54
WLPS-66,Soil,"Wang et al., 2016",288,12%,3%,0%,8%,46%,2%,4%,0%,0%,4%,21%,0%,0%,0%,0.54,0.84,7.31,365.54
WLPS-67,Soil,"Wang et al., 2016",289,11%,4%,0%,2%,48%,3%,4%,0%,0%,3%,25%,0%,0%,0%,0.66,0.91,7.31,365.54
WLPS-68,Soil,"Wang et al., 2016",290,13%,4%,0%,9%,43%,4%,3%,0%,0%,5%,19%,0%,0%,0%,0.49,0.79,7.31,365.54
WLPS-70,Soil,"Wang et al., 2016",291,13%,4%,1%,3%,48%,2%,4%,0%,0%,2%,24%,0%,0%,0%,0.74,0.92,8.03,369.61
WLPS-72,Soil,"Wang et al., 2016",292,13%,5%,1%,10%,39%,2%,6%,0%,0%,5%,20%,0%,0%,0%,0.53,0.80,8.03,369.61
WLPS-73,Soil,"Wang et al., 2016",293,12%,2%,0%,5%,49%,3%,2%,0%,0%,2%,24%,0%,0%,0%,0.58,0.88,8.58,395.86
WLPS-74,Soil,"Wang et al., 2016",294,11%,2%,0%,1%,54%,2%,2%,0%,0%,2%,25%,0%,0%,0%,0.73,0.94,8.58,395.86
WLPS-75,Soil,"Wang et al., 2016",295,12%,3%,0%,4%,49%,3%,4%,0%,0%,3%,22%,0%,0%,0%,0.62,0.89,8.58,395.86
WLPS-76,Soil,"Wang et al., 2016",296,13%,7%,1%,2%,41%,2%,8%,0%,0%,2%,25%,0%,0%,0%,0.76,0.92,7.53,374.94
WLPS-77,Soil,"Wang et al., 2016",297,12%,6%,1%,4%,39%,5%,7%,0%,0%,3%,23%,0%,0%,0%,0.60,0.84,7.53,374.94
WLPS-79,Soil,"Wang et al., 2016",298,14%,6%,1%,4%,44%,2%,7%,0%,0%,3%,20%,0%,0%,0%,0.70,0.89,7.61,407.75
WLPS-80,Soil,"Wang et al., 2016",299,12%,5%,0%,6%,44%,3%,5%,0%,0%,4%,20%,0%,0%,0%,0.57,0.84,7.19,425.43
WLPS-82,Soil,"Wang et al., 2016",300,14%,6%,1%,7%,37%,3%,9%,0%,1%,4%,16%,0%,1%,0%,0.58,0.81,9.18,459.72
WLPS-83,Soil,"Wang et al., 2016",301,15%,6%,0%,3%,46%,2%,7%,0%,0%,3%,19%,0%,0%,0%,0.73,0.90,9.18,459.72
WLPS-84,Soil,"Wang et al., 2016",302,14%,5%,1%,10%,40%,3%,7%,0%,0%,5%,17%,0%,0%,0%,0.52,0.78,9.18,459.72
WLPS-85,Soil,"Wang et al., 2016",303,15%,7%,1%,4%,45%,2%,8%,0%,0%,2%,18%,0%,0%,0%,0.75,0.90,9.94,497.87
WLPS-86,Soil,"Wang et al., 2016",304,15%,5%,0%,5%,44%,1%,8%,0%,0%,2%,19%,0%,0%,0%,0.69,0.89,9.94,497.87
WLPS-87,Soil,"Wang et al., 2016",305,14%,7%,1%,4%,45%,2%,8%,0%,0%,2%,18%,0%,1%,0%,0.74,0.90,9.94,497.87
WLPS-88,Soil,"Wang et al., 2016",306,13%,8%,1%,7%,35%,5%,10%,0%,0%,5%,16%,0%,1%,0%,0.56,0.78,11.36,532.79
WLPS-89,Soil,"Wang et al., 2016",307,11%,6%,1%,5%,42%,2%,8%,0%,0%,4%,20%,0%,1%,0%,0.62,0.86,11.36,532.79
WLPS-90,Soil,"Wang et al., 2016",308,17%,10%,1%,6%,37%,3%,9%,0%,1%,3%,13%,0%,1%,0%,0.69,0.83,11.36,532.79
WLPS-91,Soil,"Wang et al., 2016",309,16%,10%,3%,7%,34%,4%,10%,0%,1%,3%,12%,0%,1%,0%,0.66,0.80,10.87,576.22
WLPS-92,Soil,"Wang et al., 2016",310,15%,11%,3%,8%,30%,5%,12%,0%,1%,4%,11%,0%,1%,0%,0.63,0.76,10.87,576.22
WLPS-93,Soil,"Wang et al., 2016",311,14%,6%,1%,7%,43%,1%,10%,0%,0%,2%,16%,0%,0%,0%,0.68,0.87,12.94,676.04
WLPS-94,Soil,"Wang et al., 2016",312,16%,9%,2%,3%,42%,1%,12%,0%,0%,2%,13%,0%,0%,0%,0.83,0.92,12.94,676.04
WLPS-95,Soil,"Wang et al., 2016",313,16%,9%,2%,4%,38%,2%,12%,0%,1%,2%,12%,0%,0%,0%,0.75,0.87,12.94,676.04
WLPS-96,Soil,"Wang et al., 2016",314,17%,9%,2%,5%,37%,3%,11%,0%,1%,2%,11%,0%,1%,0%,0.73,0.85,12.94,676.04
WLPS-97,Soil,"Wang et al., 2016",315,16%,17%,3%,6%,24%,5%,16%,0%,1%,3%,8%,0%,2%,0%,0.72,0.78,12.94,676.04
P756,Soil,"Ding et al., 2015",316,6%,3%,1%,5%,34%,5%,9%,1%,0%,6%,27%,2%,1%,1%,0.39,0.80,0.27,355.22
P760,Soil,"Ding et al., 2016",317,10%,5%,0%,16%,30%,0%,18%,0%,0%,6%,16%,0%,0%,0%,0.40,0.75,-1.52,361.38
P765,Soil,"Ding et al., 2017",318,13%,6%,1%,7%,23%,4%,15%,0%,0%,6%,20%,2%,1%,0%,0.53,0.75,-1.75,356.84
P773,Soil,"Ding et al., 2018",319,8%,0%,0%,16%,29%,3%,13%,0%,0%,7%,23%,0%,0%,0%,0.24,0.71,-5.06,289.29
P775,Soil,"Ding et al., 2019",320,11%,6%,1%,10%,29%,4%,9%,0%,0%,8%,22%,0%,0%,0%,0.44,0.73,-8.26,249.49
P782,Soil,"Ding et al., 2020",321,5%,3%,1%,16%,21%,7%,7%,0%,0%,5%,31%,1%,1%,0%,0.22,0.67,1.90,289.53
P787,Soil,"Ding et al., 2021",322,7%,3%,0%,4%,37%,4%,6%,0%,0%,4%,29%,2%,2%,1%,0.47,0.84,-3.30,169.73
P796,Soil,"Ding et al., 2022",323,7%,3%,0%,7%,24%,6%,10%,1%,0%,9%,30%,2%,1%,0%,0.29,0.72,-5.35,156.14
P801,Soil,"Ding et al., 2023",324,6%,1%,0%,6%,32%,6%,7%,0%,0%,8%,33%,0%,0%,0%,0.28,0.78,-4.03,244.44
P802,Soil,"Ding et al., 2024",325,8%,1%,0%,12%,25%,13%,6%,0%,0%,9%,26%,0%,0%,0%,0.21,0.63,-6.29,258.22
P804,Soil,"Ding et al., 2025",326,10%,2%,0%,11%,28%,5%,7%,0%,0%,11%,26%,0%,0%,0%,0.30,0.69,-3.71,337.93
P816,Soil,"Ding et al., 2026",327,16%,3%,0%,10%,44%,0%,0%,0%,0%,5%,14%,3%,5%,0%,0.56,0.78,3.85,812.08
P817,Soil,"Ding et al., 2027",328,28%,2%,0%,29%,24%,1%,2%,0%,0%,8%,4%,0%,0%,0%,0.44,0.44,3.85,812.08
P818,Soil,"Ding et al., 2028",329,27%,2%,0%,30%,24%,2%,1%,0%,0%,9%,4%,0%,0%,0%,0.41,0.41,3.85,812.08
P819,Soil,"Ding et al., 2029",330,27%,3%,0%,26%,26%,2%,3%,0%,0%,8%,5%,0%,0%,0%,0.46,0.49,3.85,812.08
P820,Soil,"Ding et al., 2030",331,24%,4%,1%,22%,24%,2%,4%,0%,0%,10%,8%,0%,1%,0%,0.46,0.51,3.85,812.08
P821,Soil,"Ding et al., 2031",332,23%,5%,0%,20%,30%,2%,3%,0%,0%,9%,7%,0%,0%,0%,0.47,0.56,3.85,812.08
P831,Soil,"Ding et al., 2032",333,4%,3%,1%,4%,32%,6%,7%,0%,1%,6%,32%,2%,2%,1%,0.33,0.81,-2.39,1064.93
P833,Soil,"Ding et al., 2033",334,10%,12%,1%,10%,22%,7%,13%,1%,1%,6%,15%,0%,2%,0%,0.49,0.68,-2.89,1028.00
P848,Soil,"Ding et al., 2034",335,8%,6%,1%,8%,31%,5%,9%,0%,0%,8%,23%,1%,0%,0%,0.40,0.75,-3.55,776.61
P851,Soil,"Ding et al., 2035",336,8%,2%,1%,8%,35%,5%,3%,0%,0%,10%,25%,2%,2%,1%,0.32,0.73,-1.37,908.96
P858,Soil,"Ding et al., 2036",337,15%,2%,0%,22%,24%,3%,5%,1%,0%,12%,15%,0%,0%,0%,0.32,0.54,1.48,694.62
P859,Soil,"Ding et al., 2037",338,22%,2%,0%,29%,25%,2%,1%,1%,0%,12%,7%,0%,0%,0%,0.35,0.42,1.48,694.62
P860,Soil,"Ding et al., 2038",339,24%,2%,0%,32%,21%,2%,1%,0%,0%,12%,6%,0%,0%,0%,0.36,0.38,1.48,694.62
P861,Soil,"Ding et al., 2039",340,24%,2%,0%,28%,27%,0%,0%,0%,0%,13%,5%,0%,0%,0%,0.39,0.44,1.48,694.62
P862,Soil,"Ding et al., 2040",341,25%,2%,0%,35%,19%,1%,1%,0%,0%,11%,5%,0%,0%,0%,0.37,0.34,1.48,694.62
P863,Soil,"Ding et al., 2041",342,22%,4%,0%,20%,30%,3%,3%,0%,0%,11%,7%,0%,0%,0%,0.44,0.55,-0.85,708.44
Colombia-12,Soil,"De Jonge et al., 2014",343,81%,3%,1%,11%,3%,0%,0%,0%,0%,0%,0%,0%,0%,0%,0.89,0.21,16.21,1673.14
Colombia-14,Soil,"De Jonge et al., 2014",344,40%,3%,1%,37%,2%,3%,0%,0%,0%,11%,1%,0%,0%,0%,0.46,0.06,16.21,1673.14
Colombia-7,Soil,"De Jonge et al., 2014",345,96%,1%,1%,2%,0%,0%,0%,0%,0%,0%,0%,0%,0%,0%,0.98,0.00,26.02,3047.24
Colombia-9,Soil,"De Jonge et al., 2014",346,97%,1%,1%,1%,0%,0%,0%,0%,0%,0%,0%,0%,0%,0%,0.99,0.00,26.33,3044.08
Ecuador-19,Soil,"De Jonge et al., 2014",347,30%,13%,6%,13%,18%,3%,8%,2%,0%,3%,4%,0%,0%,0%,0.70,0.59,10.54,934.47
Ecuador-6,Soil,"De Jonge et al., 2014",348,86%,6%,1%,4%,2%,0%,0%,0%,0%,0%,0%,0%,0%,0%,0.96,0.33,25.75,3584.31
Ecuador-7,Soil,"De Jonge et al., 2014",349,90%,4%,1%,3%,2%,0%,0%,0%,0%,0%,0%,0%,0%,0%,0.97,0.40,25.74,3517.93
Egypt-1,Soil,"De Jonge et al., 2014",350,34%,25%,4%,2%,21%,2%,8%,0%,1%,0%,3%,0%,1%,0%,0.94,0.89,17.88,105.88
Finland-2,Soil,"De Jonge et al., 2014",351,71%,0%,0%,26%,0%,0%,0%,0%,0%,2%,0%,0%,0%,0%,0.72,0.00,2.68,622.37
France-15,Soil,"De Jonge et al., 2014",352,44%,2%,1%,38%,4%,1%,0%,0%,0%,9%,1%,0%,0%,0%,0.49,0.09,7.47,1064.98
France-TESO1,Soil,"De Jonge et al., 2014",353,39%,2%,1%,39%,4%,1%,0%,0%,0%,12%,1%,0%,0%,0%,0.45,0.09,7.64,948.45
France-TESO10,Soil,"De Jonge et al., 2014",354,19%,4%,1%,18%,19%,2%,2%,0%,0%,10%,24%,0%,0%,0%,0.44,0.60,8.33,897.35
France-TESO11,Soil,"De Jonge et al., 2014",355,16%,5%,1%,15%,21%,3%,4%,1%,0%,8%,24%,0%,1%,0%,0.45,0.65,10.50,828.23
France-TESO12,Soil,"De Jonge et al., 2014",356,18%,5%,1%,17%,23%,3%,3%,0%,0%,8%,21%,0%,1%,0%,0.46,0.63,10.50,828.23
France-TESO13,Soil,"De Jonge et al., 2014",357,18%,11%,2%,18%,18%,9%,7%,1%,0%,7%,7%,0%,1%,0%,0.47,0.49,10.50,828.23
France-TESO14,Soil,"De Jonge et al., 2014",358,14%,4%,1%,14%,26%,2%,5%,0%,0%,7%,24%,0%,1%,0%,0.45,0.71,10.50,828.23
France-TESO14B,Soil,"De Jonge et al., 2014",359,14%,7%,1%,10%,26%,4%,10%,0%,1%,6%,20%,0%,2%,0%,0.52,0.75,10.50,828.23
France-TESO15,Soil,"De Jonge et al., 2014",360,19%,5%,1%,18%,20%,3%,5%,0%,0%,9%,19%,0%,1%,0%,0.45,0.60,10.50,828.23
France-TESO16,Soil,"De Jonge et al., 2014",361,21%,7%,2%,23%,18%,4%,3%,1%,0%,10%,12%,0%,1%,0%,0.44,0.47,10.50,828.23
France-TESO18,Soil,"De Jonge et al., 2014",362,43%,2%,0%,35%,5%,1%,0%,0%,0%,11%,1%,0%,0%,0%,0.49,0.11,10.50,828.23
France-TESO19,Soil,"De Jonge et al., 2014",363,14%,8%,2%,4%,33%,4%,11%,0%,0%,3%,18%,1%,2%,0%,0.69,0.84,13.81,695.17
France-TESO2,Soil,"De Jonge et al., 2014",364,33%,2%,1%,43%,3%,1%,0%,0%,0%,16%,1%,0%,0%,0%,0.38,0.06,7.64,948.45
France-TESO22B,Soil,"De Jonge et al., 2014",365,20%,8%,1%,15%,21%,4%,6%,1%,0%,7%,16%,0%,1%,0%,0.52,0.62,13.81,695.17
France-TESO24,Soil,"De Jonge et al., 2014",366,19%,5%,1%,16%,22%,3%,6%,0%,0%,9%,19%,0%,1%,0%,0.47,0.63,13.81,695.17
France-TESO25,Soil,"De Jonge et al., 2014",367,18%,7%,1%,7%,31%,2%,11%,0%,1%,3%,16%,0%,2%,0%,0.68,0.84,13.81,695.17
France-TESO26,Soil,"De Jonge et al., 2014",368,16%,10%,2%,14%,20%,6%,9%,1%,1%,8%,13%,0%,2%,0%,0.49,0.61,13.81,695.17
France-TESO28,Soil,"De Jonge et al., 2014",369,17%,9%,1%,11%,23%,6%,8%,0%,0%,6%,15%,0%,2%,0%,0.54,0.68,13.81,695.17
France-TESO3,Soil,"De Jonge et al., 2014",370,38%,3%,1%,43%,3%,1%,0%,1%,0%,10%,1%,0%,0%,0%,0.43,0.07,7.64,948.45
France-TESO30,Soil,"De Jonge et al., 2014",371,29%,7%,1%,20%,20%,3%,6%,0%,0%,7%,9%,0%,0%,0%,0.55,0.54,13.81,695.17
France-TESO31,Soil,"De Jonge et al., 2014",372,17%,14%,1%,4%,26%,1%,15%,0%,1%,4%,15%,0%,2%,0%,0.78,0.87,13.81,695.17
France-TESO33,Soil,"De Jonge et al., 2014",373,58%,5%,2%,29%,0%,1%,1%,0%,0%,3%,1%,0%,0%,0%,0.66,0.06,13.81,695.17
France-TESO34,Soil,"De Jonge et al., 2014",374,14%,14%,4%,13%,13%,10%,10%,1%,2%,7%,10%,1%,2%,0%,0.51,0.54,13.81,695.17
France-TESO36,Soil,"De Jonge et al., 2014",375,18%,7%,1%,13%,24%,6%,8%,0%,1%,7%,15%,0%,0%,0%,0.50,0.65,14.65,701.66
France-TESO4,Soil,"De Jonge et al., 2014",376,34%,1%,0%,47%,0%,1%,0%,0%,0%,16%,1%,0%,0%,0%,0.35,0.02,7.64,948.45
France-TESO43,Soil,"De Jonge et al., 2014",377,20%,6%,1%,20%,20%,5%,6%,0%,0%,9%,10%,1%,1%,0%,0.44,0.51,13.81,695.17
France-TESO43B,Soil,"De Jonge et al., 2014",378,18%,6%,1%,21%,21%,4%,7%,0%,0%,9%,12%,0%,1%,0%,0.42,0.55,13.81,695.17
France-TESO47,Soil,"De Jonge et al., 2014",379,22%,12%,2%,10%,21%,5%,9%,0%,1%,4%,11%,0%,2%,0%,0.65,0.70,10.50,828.23
France-TESO48,Soil,"De Jonge et al., 2014",380,36%,3%,1%,40%,4%,1%,0%,0%,0%,14%,1%,0%,0%,0%,0.42,0.08,10.50,828.23
France-TESO49,Soil,"De Jonge et al., 2014",381,38%,3%,1%,44%,2%,2%,0%,1%,0%,9%,1%,0%,0%,0%,0.43,0.05,10.50,828.23
France-TESO5,Soil,"De Jonge et al., 2014",382,40%,5%,1%,32%,5%,2%,0%,1%,0%,11%,2%,1%,0%,1%,0.50,0.13,7.64,948.45
France-TESO51,Soil,"De Jonge et al., 2014",383,16%,5%,1%,16%,20%,3%,4%,1%,0%,9%,23%,0%,1%,0%,0.43,0.62,10.50,828.23
France-TESO6,Soil,"De Jonge et al., 2014",384,33%,2%,1%,42%,7%,1%,0%,0%,0%,13%,1%,0%,0%,0%,0.39,0.13,7.64,948.45
France-TESO7,Soil,"De Jonge et al., 2014",385,14%,13%,3%,9%,16%,13%,10%,1%,1%,5%,11%,1%,2%,0%,0.52,0.58,10.50,828.23
France-TESO8,Soil,"De Jonge et al., 2014",386,40%,2%,1%,31%,12%,1%,1%,0%,0%,8%,3%,0%,0%,0%,0.52,0.29,10.50,828.23
Gabon-1,Soil,"De Jonge et al., 2014",387,87%,1%,1%,9%,1%,0%,0%,0%,0%,1%,0%,0%,0%,0%,0.90,0.09,24.64,1657.36
Gabon-2,Soil,"De Jonge et al., 2014",388,97%,1%,1%,1%,0%,0%,0%,0%,0%,0%,0%,0%,0%,0%,0.99,0.00,24.14,1845.99
Gabon-4,Soil,"De Jonge et al., 2014",389,93%,3%,1%,2%,1%,0%,0%,0%,0%,0%,0%,0%,0%,0%,0.98,0.33,25.12,1734.57
Gabon-5,Soil,"De Jonge et al., 2014",390,97%,0%,0%,2%,0%,0%,0%,0%,0%,0%,0%,0%,0%,0%,0.98,0.00,26.11,1770.98
Gabon-6,Soil,"De Jonge et al., 2014",391,68%,17%,4%,3%,5%,1%,1%,0%,0%,0%,0%,0%,0%,0%,0.96,0.60,26.55,1962.36
Galapagos,Soil,"De Jonge et al., 2014",392,90%,1%,1%,6%,1%,0%,0%,0%,0%,0%,0%,0%,0%,0%,0.94,0.14,22.21,1091.63
Germany-G1,Soil,"De Jonge et al., 2014",393,44%,3%,1%,22%,6%,4%,3%,1%,0%,8%,6%,0%,1%,0%,0.58,0.31,8.37,753.08
Germany-G2,Soil,"De Jonge et al., 2014",394,12%,7%,1%,13%,11%,14%,5%,1%,1%,15%,16%,2%,2%,0%,0.32,0.44,8.37,753.08
Germany-H1,Soil,"De Jonge et al., 2014",395,25%,12%,4%,30%,7%,6%,2%,1%,0%,9%,3%,0%,0%,0%,0.47,0.21,8.85,757.45
Greece-5,Soil,"De Jonge et al., 2014",396,12%,7%,3%,5%,34%,5%,7%,0%,0%,6%,22%,0%,0%,0%,0.58,0.80,12.83,507.67
Greenland-5,Soil,"De Jonge et al., 2014",397,35%,2%,1%,28%,16%,2%,0%,1%,0%,13%,3%,0%,0%,0%,0.46,0.30,-2.45,874.86
Iceland-6,Soil,"De Jonge et al., 2014",398,28%,8%,2%,31%,12%,3%,2%,1%,0%,10%,3%,0%,0%,0%,0.46,0.27,2.12,582.34
Iceland-3a,Soil,"De Jonge et al., 2014",399,33%,4%,1%,44%,2%,1%,0%,1%,0%,14%,1%,0%,0%,0%,0.39,0.05,3.25,714.13
IndiaETH1,Soil,"Dearing Crampton-Flood et al., 2020",400,40%,22%,2%,3%,22%,1%,8%,0%,0%,0%,2%,0%,0%,0%,0.94,0.89,27.26,922.32
IndiaETH2,Soil,"Dearing Crampton-Flood et al., 2020",401,45%,24%,3%,2%,20%,1%,4%,0%,0%,0%,1%,0%,0%,0%,0.96,0.89,27.00,755.03
IndiaETH5,Soil,"Dearing Crampton-Flood et al., 2020",402,38%,23%,3%,6%,14%,3%,8%,0%,1%,1%,3%,0%,0%,0%,0.85,0.69,26.58,739.82
IndiaETH6,Soil,"Dearing Crampton-Flood et al., 2020",403,43%,17%,2%,5%,18%,2%,7%,0%,1%,1%,3%,0%,0%,0%,0.88,0.78,26.44,729.18
IndiaETH7,Soil,"Dearing Crampton-Flood et al., 2020",404,40%,20%,2%,3%,22%,1%,7%,0%,0%,0%,3%,0%,0%,0%,0.93,0.87,24.48,990.04
IndiaETH8,Soil,"Dearing Crampton-Flood et al., 2020",405,28%,22%,2%,4%,26%,1%,11%,0%,1%,1%,4%,0%,1%,0%,0.90,0.88,25.19,839.81
IndiaG10,Soil,"Dearing Crampton-Flood et al., 2020",406,51%,21%,3%,5%,13%,1%,6%,0%,0%,0%,0%,0%,0%,0%,0.93,0.76,27.99,1084.14
IndiaG14,Soil,"Dearing Crampton-Flood et al., 2020",407,57%,19%,4%,4%,7%,1%,5%,0%,1%,0%,1%,0%,0%,0%,0.93,0.69,27.89,1079.42
IndiaG15,Soil,"Dearing Crampton-Flood et al., 2020",408,59%,15%,3%,5%,11%,1%,4%,0%,0%,1%,1%,0%,0%,0%,0.93,0.73,27.89,1079.42
IndiaG17,Soil,"Dearing Crampton-Flood et al., 2020",409,51%,25%,4%,3%,10%,1%,5%,0%,0%,0%,1%,0%,0%,0%,0.95,0.80,27.89,1079.42
IndiaG19,Soil,"Dearing Crampton-Flood et al., 2020",410,49%,18%,3%,4%,15%,1%,7%,0%,1%,0%,2%,0%,0%,0%,0.93,0.82,27.89,1079.42
IndiaG20,Soil,"Dearing Crampton-Flood et al., 2020",411,80%,13%,3%,3%,2%,0%,0%,0%,0%,0%,0%,0%,0%,0%,0.97,0.42,25.49,1143.27
IndiaG21,Soil,"Dearing Crampton-Flood et al., 2020",412,92%,5%,0%,1%,2%,0%,0%,0%,0%,0%,0%,0%,0%,0%,0.99,0.61,25.49,1143.27
IndiaG22,Soil,"Dearing Crampton-Flood et al., 2020",413,75%,11%,3%,4%,3%,1%,1%,1%,0%,0%,0%,0%,0%,0%,0.93,0.42,27.36,1140.28
IndiaG23,Soil,"Dearing Crampton-Flood et al., 2020",414,65%,12%,2%,5%,11%,1%,3%,0%,0%,0%,1%,0%,0%,0%,0.93,0.73,27.36,1140.28
IndiaG24,Soil,"Dearing Crampton-Flood et al., 2020",415,74%,9%,2%,5%,7%,1%,2%,0%,0%,0%,1%,0%,0%,0%,0.94,0.62,27.36,1140.28
IndiaG25,Soil,"Dearing Crampton-Flood et al., 2020",416,51%,20%,4%,5%,12%,1%,4%,0%,0%,0%,1%,0%,0%,0%,0.91,0.72,27.28,1072.16
IndiaG26,Soil,"Dearing Crampton-Flood et al., 2020",417,67%,15%,4%,4%,7%,0%,3%,0%,0%,0%,0%,0%,0%,0%,0.96,0.73,27.73,1116.77
IndiaG27,Soil,"Dearing Crampton-Flood et al., 2020",418,90%,5%,1%,1%,2%,0%,0%,0%,0%,0%,0%,0%,0%,0%,0.99,0.62,25.43,1287.48
IndiaG28,Soil,"Dearing Crampton-Flood et al., 2020",419,53%,18%,3%,4%,15%,1%,4%,0%,0%,0%,2%,0%,0%,0%,0.93,0.78,27.71,1076.28
IndiaG29,Soil,"Dearing Crampton-Flood et al., 2020",420,46%,21%,3%,4%,14%,1%,7%,0%,1%,0%,2%,0%,0%,0%,0.92,0.80,27.73,1116.77
IndiaG30,Soil,"Dearing Crampton-Flood et al., 2020",421,43%,29%,5%,3%,11%,1%,6%,0%,1%,0%,1%,0%,0%,0%,0.94,0.81,27.88,1033.76
IndiaG31,Soil,"Dearing Crampton-Flood et al., 2020",422,45%,17%,2%,4%,21%,1%,7%,0%,0%,0%,2%,0%,0%,0%,0.92,0.85,27.69,972.82
IndiaG32,Soil,"Dearing Crampton-Flood et al., 2020",423,57%,19%,6%,0%,12%,1%,4%,0%,0%,0%,1%,0%,0%,0%,0.99,0.95,27.88,1033.76
IndiaG33,Soil,"Dearing Crampton-Flood et al., 2020",424,50%,19%,3%,5%,15%,1%,5%,0%,0%,1%,2%,0%,0%,0%,0.92,0.77,27.88,1033.76
IndiaG34,Soil,"Dearing Crampton-Flood et al., 2020",425,46%,25%,3%,4%,11%,1%,8%,0%,1%,0%,1%,0%,0%,0%,0.93,0.80,27.22,1135.44
IndiaG35,Soil,"Dearing Crampton-Flood et al., 2020",426,43%,22%,3%,3%,16%,1%,8%,0%,1%,0%,2%,0%,0%,0%,0.94,0.85,27.22,1135.44
IndiaG36,Soil,"Dearing Crampton-Flood et al., 2020",427,42%,25%,4%,3%,14%,2%,7%,0%,1%,1%,2%,0%,0%,0%,0.93,0.82,27.22,1135.44
IndiaG37,Soil,"Dearing Crampton-Flood et al., 2020",428,56%,15%,2%,5%,14%,1%,4%,0%,0%,0%,2%,0%,0%,0%,0.92,0.75,27.71,1072.74
IndiaG38,Soil,"Dearing Crampton-Flood et al., 2020",429,61%,23%,4%,2%,7%,1%,2%,0%,0%,0%,0%,0%,0%,0%,0.97,0.76,27.76,1053.73
IndiaG39,Soil,"Dearing Crampton-Flood et al., 2020",430,54%,21%,3%,1%,13%,0%,4%,0%,0%,0%,1%,0%,0%,0%,0.97,0.90,27.76,1053.73
IndiaG40,Soil,"Dearing Crampton-Flood et al., 2020",431,50%,19%,2%,5%,13%,1%,6%,0%,1%,1%,2%,0%,0%,0%,0.91,0.76,27.29,1238.74
IndiaG41,Soil,"Dearing Crampton-Flood et al., 2020",432,41%,21%,2%,5%,17%,1%,8%,0%,1%,1%,3%,0%,0%,0%,0.90,0.80,27.29,1238.74
IndiaG42,Soil,"Dearing Crampton-Flood et al., 2020",433,11%,33%,1%,1%,34%,0%,14%,0%,1%,0%,5%,0%,0%,0%,0.97,0.97,27.51,1123.38
IndiaG43,Soil,"Dearing Crampton-Flood et al., 2020",434,46%,20%,3%,2%,20%,1%,6%,0%,0%,0%,2%,0%,0%,0%,0.96,0.90,27.33,1086.36
IndiaG44,Soil,"Dearing Crampton-Flood et al., 2020",435,39%,29%,3%,4%,14%,1%,8%,0%,0%,0%,1%,0%,0%,0%,0.93,0.81,27.35,1021.66
IndiaG45,Soil,"Dearing Crampton-Flood et al., 2020",436,46%,23%,6%,3%,15%,1%,4%,0%,0%,0%,2%,0%,0%,0%,0.94,0.82,27.26,922.32
IndiaG46,Soil,"Dearing Crampton-Flood et al., 2020",437,18%,34%,1%,1%,28%,0%,12%,0%,1%,0%,4%,0%,0%,0%,0.97,0.97,27.30,888.16
IndiaG47,Soil,"Dearing Crampton-Flood et al., 2020",438,52%,18%,1%,3%,19%,0%,5%,0%,0%,0%,2%,0%,0%,0%,0.96,0.89,27.30,888.16
IndiaG48,Soil,"Dearing Crampton-Flood et al., 2020",439,33%,27%,2%,2%,26%,0%,7%,0%,0%,0%,3%,0%,0%,0%,0.96,0.94,26.95,842.93
IndiaX41,Soil,"Dearing Crampton-Flood et al., 2020",440,86%,6%,1%,2%,4%,0%,1%,0%,0%,0%,0%,0%,0%,0%,0.98,0.68,27.29,1238.74
IndiaX44,Soil,"Dearing Crampton-Flood et al., 2020",441,41%,21%,2%,4%,17%,1%,8%,0%,1%,1%,3%,0%,0%,0%,0.91,0.83,27.28,1022.92
IndiaX45,Soil,"Dearing Crampton-Flood et al., 2020",442,41%,27%,4%,2%,18%,0%,6%,0%,0%,0%,1%,0%,0%,0%,0.98,0.94,27.35,1021.66
IndiaX46,Soil,"Dearing Crampton-Flood et al., 2020",443,40%,22%,2%,3%,19%,1%,10%,0%,1%,0%,2%,0%,0%,0%,0.94,0.89,27.35,1021.66
IndiaX47,Soil,"Dearing Crampton-Flood et al., 2020",444,39%,15%,2%,4%,27%,1%,8%,0%,0%,0%,3%,0%,0%,0%,0.92,0.88,27.30,888.16
IndiaX48,Soil,"Dearing Crampton-Flood et al., 2020",445,21%,23%,1%,4%,31%,1%,12%,0%,1%,1%,6%,0%,1%,0%,0.88,0.89,26.44,729.18
Ireland-9,Soil,"De Jonge et al., 2014",446,53%,3%,2%,36%,0%,1%,0%,1%,0%,4%,0%,0%,0%,0%,0.58,0.00,9.10,1010.35
Italy-1,Soil,"De Jonge et al., 2014",447,44%,6%,1%,17%,21%,2%,2%,0%,0%,4%,4%,0%,0%,0%,0.69,0.54,15.17,767.90
Italy-11,Soil,"De Jonge et al., 2014",448,50%,2%,0%,26%,13%,1%,1%,0%,0%,6%,3%,0%,0%,0%,0.61,0.34,15.54,776.96
Italy-14,Soil,"De Jonge et al., 2014",449,44%,4%,0%,21%,20%,1%,1%,0%,0%,5%,4%,0%,0%,0%,0.64,0.48,15.54,776.96
Italy-17,Soil,"De Jonge et al., 2014",450,21%,12%,3%,7%,18%,5%,11%,1%,1%,5%,12%,1%,2%,0%,0.67,0.70,15.54,776.96
Netherlands-B,Soil,"De Jonge et al., 2014",451,9%,10%,1%,5%,20%,4%,22%,1%,1%,5%,17%,1%,3%,0%,0.57,0.80,9.96,795.40
Netherlands-T5,Soil,"De Jonge et al., 2014",452,60%,2%,2%,32%,0%,2%,0%,1%,0%,3%,0%,0%,0%,0%,0.63,0.00,9.60,795.51
Netherlands-T7,Soil,"De Jonge et al., 2014",453,53%,3%,1%,35%,1%,2%,0%,1%,0%,4%,1%,0%,0%,0%,0.58,0.05,9.60,795.51
New Zealand ,Soil,"Dearing Crampton-Flood et al., 2020",454,18%,3%,0%,26%,20%,1%,2%,0%,0%,12%,17%,0%,0%,0%,0.35,0.50,11.27,765.21
Nigeria-15,Soil,"De Jonge et al., 2014",455,98%,1%,1%,1%,0%,0%,0%,0%,0%,0%,0%,0%,0%,0%,0.99,0.00,26.66,2308.53
Nigeria-19,Soil,"De Jonge et al., 2014",456,35%,37%,7%,3%,8%,3%,6%,0%,1%,0%,1%,0%,0%,0%,0.93,0.73,27.14,1412.05
Norway-1,Soil,"De Jonge et al., 2014",457,14%,8%,1%,12%,21%,8%,11%,1%,1%,7%,15%,1%,2%,0%,0.45,0.63,5.26,1152.30
Norway-3,Soil,"De Jonge et al., 2014",458,53%,3%,1%,36%,0%,1%,0%,1%,0%,6%,0%,0%,0%,0%,0.56,0.00,3.67,938.86
Peru-1,Soil,"De Jonge et al., 2014",459,94%,1%,4%,0%,0%,0%,0%,0%,0%,0%,0%,0%,0%,0%,1.00,0.00,26.40,2864.49
Peru-10,Soil,"De Jonge et al., 2014",460,93%,1%,1%,3%,1%,0%,0%,0%,0%,0%,0%,0%,0%,0%,0.97,0.25,25.30,2417.81
Peru-13,Soil,"De Jonge et al., 2014",461,92%,3%,5%,0%,0%,0%,0%,0%,0%,0%,0%,0%,0%,0%,1.00,0.00,26.40,2864.49
Peru-14,Soil,"De Jonge et al., 2014",462,94%,3%,2%,1%,0%,0%,0%,0%,0%,0%,0%,0%,0%,0%,0.99,0.00,26.40,2864.49
Peru-4,Soil,"De Jonge et al., 2014",463,91%,2%,2%,4%,0%,0%,0%,0%,0%,0%,0%,0%,0%,0%,0.96,0.00,26.40,2864.49
Rarotonga,Soil,"De Jonge et al., 2014",464,93%,2%,1%,3%,1%,0%,0%,0%,0%,0%,0%,0%,0%,0%,0.97,0.25,23.86,2102.88
Russia- Samoylov Island,Soil,"Dearing Crampton-Flood et al., 2020",465,9%,3%,1%,25%,9%,4%,4%,0%,0%,34%,11%,0%,1%,0%,0.17,0.27,-14.76,198.16
Russia - Lena Delta,Soil,"Dearing Crampton-Flood et al., 2020",466,23%,0%,0%,35%,7%,0%,0%,0%,0%,31%,4%,0%,0%,0%,0.26,0.15,-17.66,128.11
Russia - Turan,Soil,"Dearing Crampton-Flood et al., 2020",467,18%,7%,1%,20%,17%,6%,8%,1%,1%,11%,10%,0%,0%,0%,0.42,0.49,-6.67,549.13
Russia - Lena Plateau,Soil,"Dearing Crampton-Flood et al., 2020",468,37%,1%,0%,27%,21%,0%,0%,0%,0%,10%,3%,0%,0%,0%,0.51,0.39,-8.70,310.42
Scotland-D,Soil,"De Jonge et al., 2014",469,44%,4%,1%,39%,2%,1%,0%,0%,0%,7%,1%,0%,0%,0%,0.51,0.06,8.20,1992.99
Seychelles,Soil,"De Jonge et al., 2014",470,97%,1%,1%,1%,0%,0%,0%,0%,0%,0%,0%,0%,0%,0%,0.99,0.00,27.16,1921.24
South Africa-12,Soil,"De Jonge et al., 2014",471,82%,2%,1%,12%,3%,0%,0%,0%,0%,1%,0%,0%,0%,0%,0.87,0.19,16.35,908.90
South Africa-16,Soil,"De Jonge et al., 2014",472,79%,4%,1%,7%,7%,1%,0%,0%,0%,1%,1%,0%,0%,0%,0.90,0.47,16.35,908.90
South Africa-3,Soil,"De Jonge et al., 2014",473,84%,3%,2%,9%,1%,0%,0%,0%,0%,0%,0%,0%,0%,0%,0.91,0.10,19.06,963.25
Spain-6,Soil,"De Jonge et al., 2014",474,38%,4%,0%,23%,21%,1%,1%,0%,0%,7%,5%,0%,0%,0%,0.58,0.47,16.31,534.91
Spain-7,Soil,"De Jonge et al., 2014",475,38%,0%,0%,34%,17%,0%,0%,0%,0%,6%,2%,2%,0%,0%,0.49,0.31,16.31,534.91
Svalbard-LB1,Soil,"De Jonge et al., 2014",476,17%,3%,0%,25%,23%,2%,3%,1%,0%,13%,11%,2%,0%,0%,0.33,0.46,-8.10,510.34
Svalbard-MP1,Soil,"De Jonge et al., 2014",477,26%,2%,0%,22%,25%,1%,2%,0%,0%,9%,11%,0%,0%,0%,0.47,0.54,-8.07,631.06
Svalbard-MP2,Soil,"De Jonge et al., 2014",478,10%,4%,0%,11%,24%,4%,8%,0%,0%,10%,27%,1%,1%,0%,0.36,0.70,-8.07,631.06
Svalbard-MP3,Soil,"De Jonge et al., 2014",479,28%,2%,0%,31%,21%,1%,1%,1%,0%,11%,5%,0%,0%,0%,0.41,0.38,-8.07,631.06
Svalbard-MP4,Soil,"De Jonge et al., 2014",480,9%,4%,1%,10%,27%,3%,13%,0%,1%,7%,23%,1%,2%,0%,0.41,0.76,-8.07,631.06
Svalbard-MP5,Soil,"De Jonge et al., 2014",481,10%,4%,1%,10%,23%,4%,11%,0%,1%,7%,25%,2%,1%,0%,0.42,0.73,-8.07,631.06
Svalbard-MP6,Soil,"De Jonge et al., 2014",482,8%,3%,1%,12%,15%,4%,6%,0%,1%,19%,26%,1%,2%,0%,0.26,0.58,-8.07,631.06
Svalbard-NA1,Soil,"De Jonge et al., 2014",483,9%,2%,0%,13%,21%,4%,3%,0%,0%,16%,31%,1%,1%,0%,0.25,0.62,-7.11,596.85
Svalbard-NA2,Soil,"De Jonge et al., 2014",484,26%,1%,0%,27%,26%,1%,1%,0%,0%,12%,6%,0%,0%,0%,0.40,0.45,-7.11,596.85
Sweden-15,Soil,"De Jonge et al., 2014",485,54%,1%,1%,36%,2%,1%,0%,1%,0%,4%,0%,0%,0%,0%,0.57,0.05,1.38,587.11
Sweden-17,Soil,"De Jonge et al., 2014",486,65%,2%,0%,27%,3%,0%,0%,0%,0%,3%,0%,0%,0%,0%,0.69,0.09,1.16,597.63
Sweden-4,Soil,"De Jonge et al., 2014",487,16%,8%,1%,9%,25%,7%,11%,0%,1%,6%,14%,0%,1%,0%,0.53,0.70,7.68,599.58
Sweden-B,Soil,"De Jonge et al., 2014",488,25%,12%,5%,22%,12%,9%,5%,1%,0%,6%,4%,0%,0%,0%,0.53,0.36,5.99,496.49
the Netherlands-A,Soil,"De Jonge et al., 2014",489,20%,11%,1%,13%,23%,5%,9%,0%,1%,5%,11%,0%,1%,0%,0.58,0.66,9.60,795.51
the Netherlands-F,Soil,"De Jonge et al., 2014",490,23%,9%,1%,21%,20%,4%,6%,0%,0%,7%,7%,0%,1%,0%,0.51,0.52,9.60,795.51
the Netherlands-J,Soil,"De Jonge et al., 2014",491,20%,10%,1%,13%,24%,5%,8%,0%,1%,5%,11%,0%,1%,0%,0.57,0.66,9.60,795.51
the Netherlands-M,Soil,"De Jonge et al., 2014",492,15%,9%,1%,9%,24%,6%,11%,0%,1%,5%,17%,0%,2%,0%,0.56,0.73,9.60,795.51
Turkey-12,Soil,"De Jonge et al., 2014",493,19%,8%,1%,3%,30%,4%,5%,0%,0%,4%,25%,1%,1%,0%,0.72,0.84,9.60,730.54
Turkey-8,Soil,"De Jonge et al., 2014",494,20%,2%,1%,2%,23%,0%,0%,0%,0%,1%,51%,1%,0%,0%,0.88,0.95,10.91,299.74
Uganda-1,Soil,"De Jonge et al., 2014",495,69%,1%,1%,26%,0%,1%,0%,0%,0%,2%,0%,0%,0%,0%,0.71,0.00,17.93,1306.69
Uganda-3,Soil,"De Jonge et al., 2014",496,34%,27%,6%,4%,13%,3%,10%,0%,1%,1%,2%,0%,1%,0%,0.89,0.77,21.66,1172.03
Uruguay-7,Soil,"De Jonge et al., 2014",497,80%,3%,1%,9%,5%,0%,0%,0%,0%,2%,1%,0%,0%,0%,0.88,0.35,17.49,1127.82
Uruguay-8,Soil,"De Jonge et al., 2014",498,81%,2%,1%,11%,4%,0%,0%,0%,0%,1%,0%,0%,0%,0%,0.88,0.25,17.82,1161.87
USA-10,Soil,"De Jonge et al., 2014",499,86%,5%,2%,5%,1%,0%,0%,0%,0%,0%,0%,0%,0%,0%,0.95,0.17,21.08,1916.45
USA-13,Soil,"De Jonge et al., 2014",500,58%,7%,0%,17%,12%,1%,1%,0%,0%,2%,2%,0%,0%,0%,0.76,0.43,11.16,607.94
USA-17,Soil,"De Jonge et al., 2014",501,19%,5%,1%,23%,17%,3%,6%,1%,0%,13%,9%,1%,1%,0%,0.38,0.45,-2.98,276.27
USA-BB1,Soil,"De Jonge et al., 2014",502,62%,2%,0%,29%,1%,1%,0%,0%,0%,4%,0%,0%,0%,0%,0.65,0.03,5.76,1093.24
USA-BB2,Soil,"De Jonge et al., 2014",503,54%,5%,1%,31%,2%,1%,0%,0%,0%,5%,1%,0%,0%,0%,0.62,0.08,5.76,1093.24
USA-BF1,Soil,"De Jonge et al., 2014",504,61%,3%,1%,30%,1%,1%,0%,0%,0%,4%,0%,0%,0%,0%,0.65,0.03,9.20,1015.84
USA-BP1,Soil,"De Jonge et al., 2014",505,17%,7%,1%,14%,27%,4%,7%,0%,0%,7%,14%,0%,1%,0%,0.50,0.66,8.68,410.02
USA-BZ2,Soil,"De Jonge et al., 2014",506,32%,1%,0%,39%,11%,1%,0%,0%,0%,15%,1%,0%,0%,0%,0.38,0.18,-3.08,303.04
USA-BZ3,Soil,"De Jonge et al., 2014",507,39%,1%,0%,43%,1%,1%,0%,0%,0%,14%,0%,0%,0%,0%,0.41,0.02,-3.08,303.04
USA-CA1,Soil,"De Jonge et al., 2014",508,13%,4%,1%,17%,32%,2%,5%,0%,0%,10%,15%,0%,0%,0%,0.38,0.64,11.91,296.89
USA-CA2,Soil,"De Jonge et al., 2014",509,12%,3%,1%,14%,35%,2%,4%,0%,0%,10%,19%,0%,1%,0%,0.38,0.69,11.91,296.89
USA-CC1,Soil,"De Jonge et al., 2014",510,58%,7%,1%,19%,9%,1%,1%,0%,0%,3%,1%,0%,0%,0%,0.74,0.32,6.60,725.47
USA-CF1,Soil,"De Jonge et al., 2014",511,56%,5%,1%,30%,2%,1%,0%,1%,0%,5%,0%,0%,0%,0%,0.63,0.05,6.63,1192.32
USA-CF2,Soil,"De Jonge et al., 2014",512,67%,2%,1%,26%,1%,1%,0%,0%,0%,2%,0%,0%,0%,0%,0.71,0.03,9.33,1137.80
USA-CF3,Soil,"De Jonge et al., 2014",513,76%,2%,1%,18%,0%,1%,0%,0%,0%,1%,0%,0%,0%,0%,0.80,0.00,6.63,1192.32
USA-CL1,Soil,"De Jonge et al., 2014",514,66%,6%,1%,15%,6%,1%,2%,0%,0%,1%,2%,0%,0%,0%,0.81,0.37,15.50,1341.49
USA-CL2,Soil,"De Jonge et al., 2014",515,70%,6%,1%,14%,6%,1%,1%,0%,0%,2%,1%,0%,0%,0%,0.82,0.32,15.50,1341.49
USA-CL3,Soil,"De Jonge et al., 2014",516,76%,3%,1%,16%,2%,0%,0%,0%,0%,2%,1%,0%,0%,0%,0.82,0.14,15.50,1341.49
USA-CM1,Soil,"De Jonge et al., 2014",517,19%,24%,5%,9%,15%,8%,9%,0%,1%,4%,6%,1%,1%,0%,0.70,0.59,17.87,1025.73
USA-CO1,Soil,"De Jonge et al., 2014",518,23%,2%,1%,32%,18%,1%,1%,0%,0%,15%,6%,0%,0%,0%,0.35,0.34,0.88,437.06
USA-CO2,Soil,"De Jonge et al., 2014",519,31%,2%,0%,33%,16%,0%,0%,0%,0%,13%,4%,0%,0%,0%,0.42,0.30,6.35,382.63
USA-CO3,Soil,"De Jonge et al., 2014",520,37%,4%,0%,29%,18%,1%,2%,0%,0%,6%,4%,0%,0%,0%,0.53,0.40,8.50,390.01
USA-DF1,Soil,"De Jonge et al., 2014",521,70%,2%,1%,20%,2%,0%,0%,0%,0%,3%,0%,0%,0%,0%,0.76,0.08,14.46,1181.68
USA-DF3,Soil,"De Jonge et al., 2014",522,73%,2%,1%,20%,1%,0%,0%,0%,0%,2%,1%,0%,0%,0%,0.78,0.08,14.46,1181.68
USA-GB2,Soil,"De Jonge et al., 2014",523,7%,3%,2%,3%,27%,5%,9%,0%,0%,7%,33%,1%,2%,0%,0.44,0.82,7.96,347.36
USA-GB3,Soil,"De Jonge et al., 2014",524,16%,4%,0%,9%,35%,2%,7%,0%,0%,6%,18%,0%,1%,1%,0.54,0.78,7.96,347.36
USA-GB4,Soil,"De Jonge et al., 2014",525,17%,3%,1%,20%,28%,2%,3%,1%,0%,13%,12%,0%,0%,0%,0.37,0.54,7.96,347.36
USA-GB5,Soil,"De Jonge et al., 2014",526,7%,2%,1%,5%,27%,1%,3%,0%,0%,5%,46%,2%,1%,0%,0.48,0.86,7.96,347.36
USA-GB6,Soil,"De Jonge et al., 2014",527,12%,4%,1%,9%,33%,3%,7%,1%,0%,7%,23%,1%,1%,0%,0.46,0.75,7.96,347.36
USA-HF2,Soil,"De Jonge et al., 2014",528,67%,1%,0%,28%,1%,0%,0%,0%,0%,2%,0%,0%,0%,0%,0.69,0.03,8.23,1081.64
USA-HI3,Soil,"De Jonge et al., 2014",529,37%,19%,2%,15%,12%,5%,5%,0%,0%,2%,2%,0%,1%,0%,0.73,0.48,19.77,2770.36
USA-HJ1,Soil,"De Jonge et al., 2014",530,41%,2%,0%,28%,13%,0%,0%,0%,0%,11%,3%,0%,0%,1%,0.52,0.29,8.07,1217.41
USA-IE2,Soil,"De Jonge et al., 2014",531,52%,6%,2%,28%,6%,2%,0%,0%,0%,4%,1%,0%,0%,0%,0.64,0.17,8.96,1191.21
USA-IE3,Soil,"De Jonge et al., 2014",532,37%,9%,2%,25%,14%,3%,3%,0%,0%,5%,3%,0%,0%,0%,0.59,0.38,8.96,1191.21
USA-IE4,Soil,"De Jonge et al., 2014",533,27%,19%,3%,14%,16%,8%,6%,1%,0%,3%,4%,0%,1%,0%,0.65,0.51,8.96,1191.21
USA-IE5,Soil,"De Jonge et al., 2014",534,50%,7%,2%,27%,6%,2%,1%,0%,0%,4%,1%,0%,0%,0%,0.64,0.20,8.96,1191.21
USA-IT1,Soil,"De Jonge et al., 2014",535,40%,6%,1%,33%,9%,2%,2%,0%,0%,6%,2%,0%,0%,0%,0.53,0.24,4.03,612.00
USA-IT2,Soil,"De Jonge et al., 2014",536,44%,4%,0%,38%,4%,1%,1%,0%,0%,7%,1%,0%,0%,0%,0.51,0.12,4.03,612.00
USA-KP1,Soil,"De Jonge et al., 2014",537,42%,14%,3%,17%,13%,4%,2%,0%,0%,3%,2%,0%,0%,0%,0.71,0.41,12.83,833.91
USA-KP2,Soil,"De Jonge et al., 2014",538,52%,11%,2%,15%,12%,2%,1%,0%,0%,2%,2%,0%,0%,0%,0.77,0.44,12.83,833.91
USA-LQ2,Soil,"De Jonge et al., 2014",539,90%,1%,3%,5%,1%,0%,0%,0%,0%,0%,0%,0%,0%,0%,0.95,0.17,25.03,2302.94
USA-MP1,Soil,"De Jonge et al., 2014",540,34%,1%,0%,41%,2%,1%,0%,0%,0%,19%,1%,0%,0%,0%,0.36,0.05,5.97,1914.15
USA-MP2,Soil,"De Jonge et al., 2014",541,34%,1%,0%,42%,2%,1%,0%,0%,0%,20%,0%,0%,0%,0%,0.36,0.03,5.97,1914.15
USA-R-1,Soil,"De Jonge et al., 2014",542,19%,17%,2%,7%,18%,2%,14%,1%,1%,12%,5%,0%,1%,0%,0.63,0.64,8.64,954.99
USA-R-2,Soil,"De Jonge et al., 2014",543,24%,17%,2%,25%,9%,10%,4%,1%,0%,5%,3%,0%,0%,0%,0.51,0.28,9.12,906.79
USA-R-3,Soil,"De Jonge et al., 2014",544,21%,17%,3%,13%,15%,10%,9%,0%,1%,4%,6%,0%,1%,0%,0.60,0.54,7.48,815.06
USA-R-4,Soil,"De Jonge et al., 2014",545,18%,12%,2%,18%,16%,9%,8%,1%,1%,7%,9%,1%,1%,0%,0.48,0.49,7.30,724.51
USA-R-5,Soil,"De Jonge et al., 2014",546,16%,4%,2%,4%,29%,5%,5%,0%,1%,7%,26%,1%,1%,0%,0.58,0.78,5.54,337.09
USA-R-6,Soil,"De Jonge et al., 2014",547,22%,4%,1%,16%,25%,3%,3%,0%,0%,13%,14%,0%,0%,0%,0.46,0.57,8.68,531.04
USA-RT1,Soil,"De Jonge et al., 2014",548,18%,25%,5%,6%,16%,3%,17%,0%,1%,3%,5%,1%,1%,0%,0.80,0.75,19.30,904.29
USA-RT2,Soil,"De Jonge et al., 2014",549,19%,24%,5%,6%,17%,2%,17%,0%,1%,3%,5%,0%,1%,0%,0.81,0.79,19.30,904.29
USA-SA1,Soil,"De Jonge et al., 2014",550,23%,2%,0%,24%,24%,1%,2%,0%,0%,17%,8%,0%,0%,0%,0.37,0.45,7.07,572.61
USA-SB1,Soil,"De Jonge et al., 2014",551,12%,1%,0%,0%,54%,0%,3%,0%,0%,1%,30%,0%,0%,0%,0.93,0.99,11.40,617.42
USA-SN1,Soil,"De Jonge et al., 2014",552,18%,4%,0%,38%,11%,0%,0%,0%,0%,23%,5%,0%,0%,0%,0.27,0.21,7.15,573.13
USA-SN3,Soil,"De Jonge et al., 2014",553,22%,1%,1%,38%,13%,1%,0%,0%,0%,19%,4%,0%,0%,0%,0.29,0.23,7.15,573.13
USA-SP1,Soil,"De Jonge et al., 2014",554,32%,3%,0%,25%,22%,2%,2%,0%,0%,10%,5%,0%,0%,0%,0.49,0.44,7.46,674.87
USA-SP2,Soil,"De Jonge et al., 2014",555,35%,2%,1%,42%,5%,1%,0%,0%,0%,14%,1%,0%,0%,0%,0.40,0.10,11.16,293.50
USA-SR1,Soil,"De Jonge et al., 2014",556,20%,2%,0%,24%,27%,1%,3%,0%,0%,12%,11%,0%,0%,0%,0.37,0.53,13.37,433.32
USA-SR2,Soil,"De Jonge et al., 2014",557,10%,3%,0%,5%,34%,2%,4%,0%,0%,11%,31%,1%,1%,0%,0.42,0.79,13.37,433.32
USA-SR3,Soil,"De Jonge et al., 2014",558,14%,2%,0%,23%,29%,1%,2%,0%,0%,15%,15%,0%,0%,0%,0.29,0.54,13.37,433.32
USA-SV1,Soil,"De Jonge et al., 2014",559,11%,1%,0%,0%,54%,0%,2%,0%,0%,2%,30%,0%,0%,0%,0.86,0.98,11.09,334.19
USA-SV2,Soil,"De Jonge et al., 2014",560,15%,2%,1%,2%,51%,0%,3%,0%,0%,2%,24%,0%,0%,0%,0.82,0.95,11.09,334.19
USA-SV3,Soil,"De Jonge et al., 2014",561,14%,5%,0%,12%,28%,5%,5%,0%,0%,9%,23%,0%,0%,0%,0.42,0.68,11.09,334.19
USA-SV4,Soil,"De Jonge et al., 2014",562,23%,2%,0%,5%,44%,0%,2%,0%,0%,2%,22%,0%,0%,0%,0.78,0.91,11.09,334.19
USA-VC1,Soil,"De Jonge et al., 2014",563,35%,2%,0%,34%,14%,1%,1%,0%,0%,8%,4%,0%,0%,0%,0.46,0.31,7.24,505.00
USA-VC2,Soil,"De Jonge et al., 2014",564,32%,5%,1%,31%,16%,3%,1%,1%,0%,7%,3%,0%,0%,0%,0.48,0.32,7.24,505.00
USA-W,Soil,"De Jonge et al., 2014",565,74%,1%,1%,21%,1%,1%,0%,0%,0%,1%,0%,0%,0%,0%,0.77,0.04,10.02,1174.77
Zaire-1,Soil,"De Jonge et al., 2014",566,89%,2%,1%,7%,1%,0%,0%,0%,0%,1%,0%,0%,0%,0%,0.92,0.11,28.53,399.96
Zaire-2,Soil,"De Jonge et al., 2014",567,95%,2%,1%,2%,0%,0%,0%,0%,0%,0%,0%,0%,0%,0%,0.98,0.00,25.42,1725.12
,,,,,,,,,,,,,,,,,,,,,
,,,,,,,,,,,,,,,,,,,,,
,,,,,,,,,,,,,,,,,,,,,
,,,,,,,,,,,,,,,,,,,,,
,,,,,,,,,,,,,,,,,,,,,
,,,,,,,,,,,,,,,,,,,,,
,,,,,,,,,,,,,,,,,,,,,
,,,,,,,,,,,,,,,,,,,,,
,,,,,,,,,,,,,,,,,,,,,
,,,,,,,,,,,,,,,,,,,,,
,,,,,,,,,,,,,,,,,,,,,
,,,,,,,,,,,,,,,,,,,,,
,,,,,,,,,,,,,,,,,,,,,
,,,,,,,,,,,,,,,,,,,,,
,,,,,,,,,,,,,,,,,,,,,
,,,,,,,,,,,,,,,,,,,,,
,,,,,,,,,,,,,,,,,,,,,
,,,,,,,,,,,,,,,,,,,,,
,,,,,,,,,,,,,,,,,,,,,
,,,,,,,,,,,,,,,,,,,,,
,,,,,,,,,,,,,,,,,,,,,
,,,,,,,,,,,,,,,,,,,,,
,,,,,,,,,,,,,,,,,,,,,
,,,,,,,,,,,,,,,,,,,,,
,,,,,,,,,,,,,,,,,,,,,
,,,,,,,,,,,,,,,,,,,,,
,,,,,,,,,,,,,,,,,,,,,
,,,,,,,,,,,,,,,,,,,,,
,,,,,,,,,,,,,,,,,,,,,
,,,,,,,,,,,,,,,,,,,,,
,,,,,,,,,,,,,,,,,,,,,
,,,,,,,,,,,,,,,,,,,,,
,,,,,,,,,,,,,,,,,,,,,
,,,,,,,,,,,,,,,,,,,,,
,,,,,,,,,,,,,,,,,,,,,
,,,,,,,,,,,,,,,,,,,,,
,,,,,,,,,,,,,,,,,,,,,
,,,,,,,,,,,,,,,,,,,,,
,,,,,,,,,,,,,,,,,,,,,
,,,,,,,,,,,,,,,,,,,,,
,,,,,,,,,,,,,,,,,,,,,
,,,,,,,,,,,,,,,,,,,,,
,,,,,,,,,,,,,,,,,,,,,
,,,,,,,,,,,,,,,,,,,,,
,,,,,,,,,,,,,,,,,,,,,
,,,,,,,,,,,,,,,,,,,,,
,,,,,,,,,,,,,,,,,,,,,
,,,,,,,,,,,,,,,,,,,,,
,,,,,,,,,,,,,,,,,,,,,
,,,,,,,,,,,,,,,,,,,,,
,,,,,,,,,,,,,,,,,,,,,
,,,,,,,,,,,,,,,,,,,,,
,,,,,,,,,,,,,,,,,,,,,
,,,,,,,,,,,,,,,,,,,,,
,,,,,,,,,,,,,,,,,,,,,
,,,,,,,,,,,,,,,,,,,,,
,,,,,,,,,,,,,,,,,,,,,
,,,,,,,,,,,,,,,,,,,,,
,,,,,,,,,,,,,,,,,,,,,
,,,,,,,,,,,,,,,,,,,,,
,,,,,,,,,,,,,,,,,,,,,
,,,,,,,,,,,,,,,,,,,,,
,,,,,,,,,,,,,,,,,,,,,
,,,,,,,,,,,,,,,,,,,,,
,,,,,,,,,,,,,,,,,,,,,
,,,,,,,,,,,,,,,,,,,,,
,,,,,,,,,,,,,,,,,,,,,
,,,,,,,,,,,,,,,,,,,,,
,,,,,,,,,,,,,,,,,,,,,
,,,,,,,,,,,,,,,,,,,,,
,,,,,,,,,,,,,,,,,,,,,
,,,,,,,,,,,,,,,,,,,,,
,,,,,,,,,,,,,,,,,,,,,
,,,,,,,,,,,,,,,,,,,,,
,,,,,,,,,,,,,,,,,,,,,
,,,,,,,,,,,,,,,,,,,,,
,,,,,,,,,,,,,,,,,,,,,
,,,,,,,,,,,,,,,,,,,,,
,,,,,,,,,,,,,,,,,,,,,
,,,,,,,,,,,,,,,,,,,,,
,,,,,,,,,,,,,,,,,,,,,
,,,,,,,,,,,,,,,,,,,,,
,,,,,,,,,,,,,,,,,,,,,
,,,,,,,,,,,,,,,,,,,,,
,,,,,,,,,,,,,,,,,,,,,
,,,,,,,,,,,,,,,,,,,,,
,,,,,,,,,,,,,,,,,,,,,
,,,,,,,,,,,,,,,,,,,,,
,,,,,,,,,,,,,,,,,,,,,
,,,,,,,,,,,,,,,,,,,,,
,,,,,,,,,,,,,,,,,,,,,
,,,,,,,,,,,,,,,,,,,,,
,,,,,,,,,,,,,,,,,,,,,
,,,,,,,,,,,,,,,,,,,,,
,,,,,,,,,,,,,,,,,,,,,
,,,,,,,,,,,,,,,,,,,,,